STATUS,CLK,DOUT,D0,D1,D2,D3,D4,D5,D6,D7,A0,t
0,1,1,0,0,1,1,0,0,1,1,-0.010305,0.000000
0,1,1,0,0,1,1,0,0,1,1,-0.001930,0.000100
0,1,1,0,0,1,1,0,0,1,1,-0.001608,0.000200
0,1,1,0,0,1,1,0,0,1,1,-0.000964,0.000300
0,1,1,0,0,1,1,0,0,1,1,-0.001286,0.000400
0,1,1,0,0,1,1,0,0,1,1,-0.001608,0.000500
0,1,1,0,0,1,1,0,0,1,1,-0.001286,0.000600
0,1,1,0,0,1,1,0,0,1,1,-0.001286,0.000700
0,1,1,0,0,1,1,0,0,1,1,-0.001608,0.000800
0,1,1,0,0,1,1,0,0,1,1,-0.001930,0.000900
0,1,1,0,0,1,1,0,0,1,1,-0.001930,0.001000
0,1,1,0,0,1,1,0,0,1,1,-0.001930,0.001100
0,1,1,0,0,1,1,0,0,1,1,-0.001608,0.001200
0,1,1,0,0,1,1,0,0,1,1,-0.001930,0.001300
0,1,1,0,0,1,1,0,0,1,1,-0.001608,0.001400
0,1,1,0,0,1,1,0,0,1,1,-0.001286,0.001500
0,1,1,0,0,1,1,0,0,1,1,-0.001930,0.001600
0,1,1,0,0,1,1,0,0,1,1,-0.001286,0.001700
0,1,1,0,0,1,1,0,0,1,1,-0.001286,0.001800
0,1,1,0,0,1,1,0,0,1,1,-0.001286,0.001900
0,1,1,0,0,1,1,0,0,1,1,-0.001286,0.002000
0,1,1,0,0,1,1,0,0,1,1,-0.001608,0.002100
0,1,1,0,0,1,1,0,0,1,1,-0.001608,0.002200
0,1,1,0,0,1,1,0,0,1,1,-0.000964,0.002300
0,1,1,0,0,1,1,0,0,1,1,-0.001286,0.002400
0,1,1,0,0,1,1,0,0,1,1,-0.001286,0.002500
0,1,1,0,0,1,1,0,0,1,1,-0.001930,0.002600
0,1,1,0,0,1,1,0,0,1,1,-0.001608,0.002700
0,1,1,0,0,1,1,0,0,1,1,-0.001608,0.002800
0,1,1,0,0,1,1,0,0,1,1,-0.001286,0.002900
0,1,1,0,0,1,1,0,0,1,1,-0.001286,0.003000
0,1,1,0,0,1,1,0,0,1,1,-0.001286,0.003100
0,1,1,0,0,1,1,0,0,1,1,-0.001286,0.003200
0,1,1,0,0,1,1,0,0,1,1,-0.001286,0.003300
0,1,1,0,0,1,1,0,0,1,1,-0.001608,0.003400
0,1,1,0,0,1,1,0,0,1,1,-0.001930,0.003500
0,1,1,0,0,1,1,0,0,1,1,-0.001608,0.003600
0,1,1,0,0,1,1,0,0,1,1,-0.001930,0.003700
0,1,1,0,0,1,1,0,0,1,1,-0.001286,0.003800
0,1,1,0,0,1,1,0,0,1,1,-0.001930,0.003900
0,1,1,0,0,1,1,0,0,1,1,-0.001930,0.004000
0,1,1,0,0,1,1,0,0,1,1,-0.001930,0.004100
0,1,1,0,0,1,1,0,0,1,1,-0.001286,0.004200
0,1,1,0,0,1,1,0,0,1,1,-0.001608,0.004300
0,1,1,0,0,1,1,0,0,1,1,-0.001930,0.004400
0,1,1,0,0,1,1,0,0,1,1,-0.001608,0.004500
0,1,1,0,0,1,1,0,0,1,1,-0.001286,0.004600
0,1,1,0,0,1,1,0,0,1,1,-0.001608,0.004700
0,1,1,0,0,1,1,0,0,1,1,-0.001608,0.004800
0,1,1,0,0,1,1,0,0,1,1,-0.001286,0.004900
0,0,1,0,0,1,1,0,0,1,1,-0.001930,0.005000
0,0,1,0,0,1,1,0,0,1,1,-0.002574,0.005100
0,0,1,0,0,1,1,0,0,1,1,-0.001930,0.005200
0,0,1,0,0,1,1,0,0,1,1,-0.001286,0.005300
0,0,1,0,0,1,1,0,0,1,1,-0.000964,0.005400
0,0,1,0,0,1,1,0,0,1,1,-0.001608,0.005500
0,0,1,0,0,1,1,0,0,1,1,-0.001608,0.005600
0,0,1,0,0,1,1,0,0,1,1,-0.001286,0.005700
0,0,1,0,0,1,1,0,0,1,1,-0.002252,0.005800
0,0,1,0,0,1,1,0,0,1,1,-0.001286,0.005900
0,0,1,0,0,1,1,0,0,1,1,-0.001930,0.006000
0,0,1,0,0,1,1,0,0,1,1,-0.001286,0.006100
0,0,1,0,0,1,1,0,0,1,1,-0.001930,0.006200
0,0,1,0,0,1,1,0,0,1,1,-0.001930,0.006300
0,0,1,0,0,1,1,0,0,1,1,-0.001608,0.006400
0,0,1,0,0,1,1,0,0,1,1,-0.000964,0.006500
0,0,1,0,0,1,1,0,0,1,1,-0.001930,0.006600
0,0,1,0,0,1,1,0,0,1,1,-0.001286,0.006700
0,0,1,0,0,1,1,0,0,1,1,-0.001286,0.006800
0,0,1,0,0,1,1,0,0,1,1,-0.001930,0.006900
0,0,1,0,0,1,1,0,0,1,1,-0.001930,0.007000
0,0,1,0,0,1,1,0,0,1,1,-0.001930,0.007100
0,0,1,0,0,1,1,0,0,1,1,-0.000964,0.007200
0,0,1,0,0,1,1,0,0,1,1,-0.001930,0.007300
0,0,1,0,0,1,1,0,0,1,1,-0.001608,0.007400
0,0,1,0,0,1,1,0,0,1,1,-0.001286,0.007500
0,0,1,0,0,1,1,0,0,1,1,-0.001286,0.007600
0,0,1,0,0,1,1,0,0,1,1,-0.001930,0.007700
0,0,1,0,0,1,1,0,0,1,1,-0.000964,0.007800
0,0,1,0,0,1,1,0,0,1,1,-0.002252,0.007900
0,0,1,0,0,1,1,0,0,1,1,-0.002252,0.008000
0,0,1,0,0,1,1,0,0,1,1,-0.001608,0.008100
0,0,1,0,0,1,1,0,0,1,1,-0.001608,0.008200
0,0,1,0,0,1,1,0,0,1,1,-0.001930,0.008300
0,0,1,0,0,1,1,0,0,1,1,-0.001608,0.008400
0,0,1,0,0,1,1,0,0,1,1,-0.001286,0.008500
0,0,1,0,0,1,1,0,0,1,1,-0.001608,0.008600
0,0,1,0,0,1,1,0,0,1,1,-0.001608,0.008700
0,0,1,0,0,1,1,0,0,1,1,-0.001930,0.008800
0,0,1,0,0,1,1,0,0,1,1,-0.001286,0.008900
0,0,1,0,0,1,1,0,0,1,1,-0.001608,0.009000
0,0,1,0,0,1,1,0,0,1,1,-0.001286,0.009100
0,0,1,0,0,1,1,0,0,1,1,-0.001286,0.009200
0,0,1,0,0,1,1,0,0,1,1,-0.001286,0.009300
0,0,1,0,0,1,1,0,0,1,1,-0.001608,0.009400
0,0,1,0,0,1,1,0,0,1,1,-0.001286,0.009500
0,0,1,0,0,1,1,0,0,1,1,-0.001286,0.009600
0,0,1,0,0,1,1,0,0,1,1,-0.001608,0.009700
0,0,1,0,0,1,1,0,0,1,1,-0.001286,0.009800
0,0,1,0,0,1,1,0,0,1,1,-0.001608,0.009900
1,1,0,0,0,0,0,0,0,0,1,0.450672,0.010000
1,1,0,0,0,0,0,0,0,0,1,0.451317,0.010100
1,1,0,0,0,0,0,0,0,0,1,0.450994,0.010200
1,1,0,0,0,0,0,0,0,0,1,0.450994,0.010300
1,1,0,0,0,0,0,0,0,0,1,0.450672,0.010400
1,1,0,0,0,0,0,0,0,0,1,0.450994,0.010500
1,1,0,0,0,0,0,0,0,0,1,0.451317,0.010600
1,1,0,0,0,0,0,0,0,0,1,0.450994,0.010700
1,1,0,0,0,0,0,0,0,0,1,0.450994,0.010800
1,1,0,0,0,0,0,0,0,0,1,0.451317,0.010900
1,1,0,0,0,0,0,0,0,0,1,0.450350,0.011000
1,1,0,0,0,0,0,0,0,0,1,0.450672,0.011100
1,1,0,0,0,0,0,0,0,0,1,0.451317,0.011200
1,1,0,0,0,0,0,0,0,0,1,0.450672,0.011300
1,1,0,0,0,0,0,0,0,0,1,0.450994,0.011400
1,1,0,0,0,0,0,0,0,0,1,0.451639,0.011500
1,1,0,0,0,0,0,0,0,0,1,0.450672,0.011600
1,1,0,0,0,0,0,0,0,0,1,0.450994,0.011700
1,1,0,0,0,0,0,0,0,0,1,0.450672,0.011800
1,1,0,0,0,0,0,0,0,0,1,0.450672,0.011900
1,1,0,0,0,0,0,0,0,0,1,0.450994,0.012000
1,1,0,0,0,0,0,0,0,0,1,0.450994,0.012100
1,1,0,0,0,0,0,0,0,0,1,0.450994,0.012200
1,1,0,0,0,0,0,0,0,0,1,0.450994,0.012300
1,1,0,0,0,0,0,0,0,0,1,0.450672,0.012400
1,1,0,0,0,0,0,0,0,0,1,0.451639,0.012500
1,1,0,0,0,0,0,0,0,0,1,0.450994,0.012600
1,1,0,0,0,0,0,0,0,0,1,0.450672,0.012700
1,1,0,0,0,0,0,0,0,0,1,0.450672,0.012800
1,1,0,0,0,0,0,0,0,0,1,0.450994,0.012900
1,1,0,0,0,0,0,0,0,0,1,0.450672,0.013000
1,1,0,0,0,0,0,0,0,0,1,0.451317,0.013100
1,1,0,0,0,0,0,0,0,0,1,0.450994,0.013200
1,1,0,0,0,0,0,0,0,0,1,0.450994,0.013300
1,1,0,0,0,0,0,0,0,0,1,0.450994,0.013400
1,1,0,0,0,0,0,0,0,0,1,0.450994,0.013500
1,1,0,0,0,0,0,0,0,0,1,0.450350,0.013600
1,1,0,0,0,0,0,0,0,0,1,0.450672,0.013700
1,1,0,0,0,0,0,0,0,0,1,0.450994,0.013800
1,1,0,0,0,0,0,0,0,0,1,0.451317,0.013900
1,1,0,0,0,0,0,0,0,0,1,0.450672,0.014000
1,1,0,0,0,0,0,0,0,0,1,0.450350,0.014100
1,1,0,0,0,0,0,0,0,0,1,0.450350,0.014200
1,1,0,0,0,0,0,0,0,0,1,0.450672,0.014300
1,1,0,0,0,0,0,0,0,0,1,0.451317,0.014400
1,1,0,0,0,0,0,0,0,0,1,0.450994,0.014500
1,1,0,0,0,0,0,0,0,0,1,0.450994,0.014600
1,1,0,0,0,0,0,0,0,0,1,0.450672,0.014700
1,1,0,0,0,0,0,0,0,0,1,0.450672,0.014800
1,1,0,0,0,0,0,0,0,0,1,0.450994,0.014900
1,0,0,0,0,0,0,0,0,0,1,0.450994,0.015000
1,0,0,0,0,0,0,0,0,0,1,0.451317,0.015100
1,0,0,0,0,0,0,0,0,0,1,0.450350,0.015200
1,0,0,0,0,0,0,0,0,0,1,0.451639,0.015300
1,0,0,0,0,0,0,0,0,0,1,0.450672,0.015400
1,0,0,0,0,0,0,0,0,0,1,0.450994,0.015500
1,0,0,0,0,0,0,0,0,0,1,0.450672,0.015600
1,0,0,0,0,0,0,0,0,0,1,0.450994,0.015700
1,0,0,0,0,0,0,0,0,0,1,0.450994,0.015800
1,0,0,0,0,0,0,0,0,0,1,0.450672,0.015900
1,0,0,0,0,0,0,0,0,0,1,0.450350,0.016000
1,0,0,0,0,0,0,0,0,0,1,0.450994,0.016100
1,0,0,0,0,0,0,0,0,0,1,0.451317,0.016200
1,0,0,0,0,0,0,0,0,0,1,0.450994,0.016300
1,0,0,0,0,0,0,0,0,0,1,0.450672,0.016400
1,0,0,0,0,0,0,0,0,0,1,0.450672,0.016500
1,0,0,0,0,0,0,0,0,0,1,0.450994,0.016600
1,0,0,0,0,0,0,0,0,0,1,0.450994,0.016700
1,0,0,0,0,0,0,0,0,0,1,0.450994,0.016800
1,0,0,0,0,0,0,0,0,0,1,0.450672,0.016900
1,0,0,0,0,0,0,0,0,0,1,0.451317,0.017000
1,0,0,0,0,0,0,0,0,0,1,0.450672,0.017100
1,0,0,0,0,0,0,0,0,0,1,0.450994,0.017200
1,0,0,0,0,0,0,0,0,0,1,0.450994,0.017300
1,0,0,0,0,0,0,0,0,0,1,0.450994,0.017400
1,0,0,0,0,0,0,0,0,0,1,0.451317,0.017500
1,0,0,0,0,0,0,0,0,0,1,0.450994,0.017600
1,0,0,0,0,0,0,0,0,0,1,0.450994,0.017700
1,0,0,0,0,0,0,0,0,0,1,0.450672,0.017800
1,0,0,0,0,0,0,0,0,0,1,0.451317,0.017900
1,0,0,0,0,0,0,0,0,0,1,0.450350,0.018000
1,0,0,0,0,0,0,0,0,0,1,0.450672,0.018100
1,0,0,0,0,0,0,0,0,0,1,0.451317,0.018200
1,0,0,0,0,0,0,0,0,0,1,0.450994,0.018300
1,0,0,0,0,0,0,0,0,0,1,0.450994,0.018400
1,0,0,0,0,0,0,0,0,0,1,0.450672,0.018500
1,0,0,0,0,0,0,0,0,0,1,0.451317,0.018600
1,0,0,0,0,0,0,0,0,0,1,0.450994,0.018700
1,0,0,0,0,0,0,0,0,0,1,0.451639,0.018800
1,0,0,0,0,0,0,0,0,0,1,0.450672,0.018900
1,0,0,0,0,0,0,0,0,0,1,0.450994,0.019000
1,0,0,0,0,0,0,0,0,0,1,0.450994,0.019100
1,0,0,0,0,0,0,0,0,0,1,0.450672,0.019200
1,0,0,0,0,0,0,0,0,0,1,0.450672,0.019300
1,0,0,0,0,0,0,0,0,0,1,0.450672,0.019400
1,0,0,0,0,0,0,0,0,0,1,0.450994,0.019500
1,0,0,0,0,0,0,0,0,0,1,0.451317,0.019600
1,0,0,0,0,0,0,0,0,0,1,0.450672,0.019700
1,0,0,0,0,0,0,0,0,0,1,0.450994,0.019800
1,0,0,0,0,0,0,0,0,0,1,0.450994,0.019900
1,1,0,0,0,0,0,0,0,1,1,0.069584,0.020000
1,1,0,0,0,0,0,0,0,1,1,0.069907,0.020100
1,1,0,0,0,0,0,0,0,1,1,0.069584,0.020200
1,1,0,0,0,0,0,0,0,1,1,0.069907,0.020300
1,1,0,0,0,0,0,0,0,1,1,0.069262,0.020400
1,1,0,0,0,0,0,0,0,1,1,0.069584,0.020500
1,1,0,0,0,0,0,0,0,1,1,0.069584,0.020600
1,1,0,0,0,0,0,0,0,1,1,0.069907,0.020700
1,1,0,0,0,0,0,0,0,1,1,0.069584,0.020800
1,1,0,0,0,0,0,0,0,1,1,0.069584,0.020900
1,1,0,0,0,0,0,0,0,1,1,0.070229,0.021000
1,1,0,0,0,0,0,0,0,1,1,0.070229,0.021100
1,1,0,0,0,0,0,0,0,1,1,0.070229,0.021200
1,1,0,0,0,0,0,0,0,1,1,0.069262,0.021300
1,1,0,0,0,0,0,0,0,1,1,0.068940,0.021400
1,1,0,0,0,0,0,0,0,1,1,0.069584,0.021500
1,1,0,0,0,0,0,0,0,1,1,0.069584,0.021600
1,1,0,0,0,0,0,0,0,1,1,0.069584,0.021700
1,1,0,0,0,0,0,0,0,1,1,0.069584,0.021800
1,1,0,0,0,0,0,0,0,1,1,0.070229,0.021900
1,1,0,0,0,0,0,0,0,1,1,0.069584,0.022000
1,1,0,0,0,0,0,0,0,1,1,0.069584,0.022100
1,1,0,0,0,0,0,0,0,1,1,0.069584,0.022200
1,1,0,0,0,0,0,0,0,1,1,0.069907,0.022300
1,1,0,0,0,0,0,0,0,1,1,0.069584,0.022400
1,1,0,0,0,0,0,0,0,1,1,0.070229,0.022500
1,1,0,0,0,0,0,0,0,1,1,0.069262,0.022600
1,1,0,0,0,0,0,0,0,1,1,0.068940,0.022700
1,1,0,0,0,0,0,0,0,1,1,0.069262,0.022800
1,1,0,0,0,0,0,0,0,1,1,0.069907,0.022900
1,1,0,0,0,0,0,0,0,1,1,0.069262,0.023000
1,1,0,0,0,0,0,0,0,1,1,0.070229,0.023100
1,1,0,0,0,0,0,0,0,1,1,0.070229,0.023200
1,1,0,0,0,0,0,0,0,1,1,0.069584,0.023300
1,1,0,0,0,0,0,0,0,1,1,0.069907,0.023400
1,1,0,0,0,0,0,0,0,1,1,0.068940,0.023500
1,1,0,0,0,0,0,0,0,1,1,0.069262,0.023600
1,1,0,0,0,0,0,0,0,1,1,0.070229,0.023700
1,1,0,0,0,0,0,0,0,1,1,0.069907,0.023800
1,1,0,0,0,0,0,0,0,1,1,0.069262,0.023900
1,1,0,0,0,0,0,0,0,1,1,0.070229,0.024000
1,1,0,0,0,0,0,0,0,1,1,0.069907,0.024100
1,1,0,0,0,0,0,0,0,1,1,0.069262,0.024200
1,1,0,0,0,0,0,0,0,1,1,0.069584,0.024300
1,1,0,0,0,0,0,0,0,1,1,0.069262,0.024400
1,1,0,0,0,0,0,0,0,1,1,0.069262,0.024500
1,1,0,0,0,0,0,0,0,1,1,0.069584,0.024600
1,1,0,0,0,0,0,0,0,1,1,0.069584,0.024700
1,1,0,0,0,0,0,0,0,1,1,0.069907,0.024800
1,1,0,0,0,0,0,0,0,1,1,0.069907,0.024900
1,0,0,0,0,0,0,0,0,1,1,0.069907,0.025000
1,0,0,0,0,0,0,0,0,1,1,0.069907,0.025100
1,0,0,0,0,0,0,0,0,1,1,0.069584,0.025200
1,0,0,0,0,0,0,0,0,1,1,0.069584,0.025300
1,0,0,0,0,0,0,0,0,1,1,0.069584,0.025400
1,0,0,0,0,0,0,0,0,1,1,0.069907,0.025500
1,0,0,0,0,0,0,0,0,1,1,0.069907,0.025600
1,0,0,0,0,0,0,0,0,1,1,0.069584,0.025700
1,0,0,0,0,0,0,0,0,1,1,0.069584,0.025800
1,0,0,0,0,0,0,0,0,1,1,0.069584,0.025900
1,0,0,0,0,0,0,0,0,1,1,0.069584,0.026000
1,0,0,0,0,0,0,0,0,1,1,0.069907,0.026100
1,0,0,0,0,0,0,0,0,1,1,0.069584,0.026200
1,0,0,0,0,0,0,0,0,1,1,0.069907,0.026300
1,0,0,0,0,0,0,0,0,1,1,0.069907,0.026400
1,0,0,0,0,0,0,0,0,1,1,0.069262,0.026500
1,0,0,0,0,0,0,0,0,1,1,0.069262,0.026600
1,0,0,0,0,0,0,0,0,1,1,0.069584,0.026700
1,0,0,0,0,0,0,0,0,1,1,0.069584,0.026800
1,0,0,0,0,0,0,0,0,1,1,0.069907,0.026900
1,0,0,0,0,0,0,0,0,1,1,0.069262,0.027000
1,0,0,0,0,0,0,0,0,1,1,0.069907,0.027100
1,0,0,0,0,0,0,0,0,1,1,0.069907,0.027200
1,0,0,0,0,0,0,0,0,1,1,0.069584,0.027300
1,0,0,0,0,0,0,0,0,1,1,0.069262,0.027400
1,0,0,0,0,0,0,0,0,1,1,0.069262,0.027500
1,0,0,0,0,0,0,0,0,1,1,0.069907,0.027600
1,0,0,0,0,0,0,0,0,1,1,0.069584,0.027700
1,0,0,0,0,0,0,0,0,1,1,0.069584,0.027800
1,0,0,0,0,0,0,0,0,1,1,0.069584,0.027900
1,0,0,0,0,0,0,0,0,1,1,0.069907,0.028000
1,0,0,0,0,0,0,0,0,1,1,0.069262,0.028100
1,0,0,0,0,0,0,0,0,1,1,0.068940,0.028200
1,0,0,0,0,0,0,0,0,1,1,0.069907,0.028300
1,0,0,0,0,0,0,0,0,1,1,0.069262,0.028400
1,0,0,0,0,0,0,0,0,1,1,0.069907,0.028500
1,0,0,0,0,0,0,0,0,1,1,0.069907,0.028600
1,0,0,0,0,0,0,0,0,1,1,0.069584,0.028700
1,0,0,0,0,0,0,0,0,1,1,0.069584,0.028800
1,0,0,0,0,0,0,0,0,1,1,0.069584,0.028900
1,0,0,0,0,0,0,0,0,1,1,0.069584,0.029000
1,0,0,0,0,0,0,0,0,1,1,0.069584,0.029100
1,0,0,0,0,0,0,0,0,1,1,0.069584,0.029200
1,0,0,0,0,0,0,0,0,1,1,0.069584,0.029300
1,0,0,0,0,0,0,0,0,1,1,0.069262,0.029400
1,0,0,0,0,0,0,0,0,1,1,0.070229,0.029500
1,0,0,0,0,0,0,0,0,1,1,0.069262,0.029600
1,0,0,0,0,0,0,0,0,1,1,0.069907,0.029700
1,0,0,0,0,0,0,0,0,1,1,0.069907,0.029800
1,0,0,0,0,0,0,0,0,1,1,0.069907,0.029900
1,1,0,0,0,0,0,0,1,1,1,-0.120798,0.030000
1,1,0,0,0,0,0,0,1,1,1,-0.120798,0.030100
1,1,0,0,0,0,0,0,1,1,1,-0.120798,0.030200
1,1,0,0,0,0,0,0,1,1,1,-0.120154,0.030300
1,1,0,0,0,0,0,0,1,1,1,-0.120798,0.030400
1,1,0,0,0,0,0,0,1,1,1,-0.121121,0.030500
1,1,0,0,0,0,0,0,1,1,1,-0.121443,0.030600
1,1,0,0,0,0,0,0,1,1,1,-0.120798,0.030700
1,1,0,0,0,0,0,0,1,1,1,-0.121121,0.030800
1,1,0,0,0,0,0,0,1,1,1,-0.121443,0.030900
1,1,0,0,0,0,0,0,1,1,1,-0.120476,0.031000
1,1,0,0,0,0,0,0,1,1,1,-0.120476,0.031100
1,1,0,0,0,0,0,0,1,1,1,-0.120798,0.031200
1,1,0,0,0,0,0,0,1,1,1,-0.120154,0.031300
1,1,0,0,0,0,0,0,1,1,1,-0.121121,0.031400
1,1,0,0,0,0,0,0,1,1,1,-0.120798,0.031500
1,1,0,0,0,0,0,0,1,1,1,-0.120476,0.031600
1,1,0,0,0,0,0,0,1,1,1,-0.121443,0.031700
1,1,0,0,0,0,0,0,1,1,1,-0.121121,0.031800
1,1,0,0,0,0,0,0,1,1,1,-0.120798,0.031900
1,1,0,0,0,0,0,0,1,1,1,-0.120798,0.032000
1,1,0,0,0,0,0,0,1,1,1,-0.120798,0.032100
1,1,0,0,0,0,0,0,1,1,1,-0.120476,0.032200
1,1,0,0,0,0,0,0,1,1,1,-0.120476,0.032300
1,1,0,0,0,0,0,0,1,1,1,-0.120798,0.032400
1,1,0,0,0,0,0,0,1,1,1,-0.120798,0.032500
1,1,0,0,0,0,0,0,1,1,1,-0.121121,0.032600
1,1,0,0,0,0,0,0,1,1,1,-0.121121,0.032700
1,1,0,0,0,0,0,0,1,1,1,-0.121443,0.032800
1,1,0,0,0,0,0,0,1,1,1,-0.120798,0.032900
1,1,0,0,0,0,0,0,1,1,1,-0.120798,0.033000
1,1,0,0,0,0,0,0,1,1,1,-0.120798,0.033100
1,1,0,0,0,0,0,0,1,1,1,-0.120476,0.033200
1,1,0,0,0,0,0,0,1,1,1,-0.120798,0.033300
1,1,0,0,0,0,0,0,1,1,1,-0.120476,0.033400
1,1,0,0,0,0,0,0,1,1,1,-0.121121,0.033500
1,1,0,0,0,0,0,0,1,1,1,-0.120798,0.033600
1,1,0,0,0,0,0,0,1,1,1,-0.121443,0.033700
1,1,0,0,0,0,0,0,1,1,1,-0.121121,0.033800
1,1,0,0,0,0,0,0,1,1,1,-0.120476,0.033900
1,1,0,0,0,0,0,0,1,1,1,-0.120476,0.034000
1,1,0,0,0,0,0,0,1,1,1,-0.120798,0.034100
1,1,0,0,0,0,0,0,1,1,1,-0.121121,0.034200
1,1,0,0,0,0,0,0,1,1,1,-0.121443,0.034300
1,1,0,0,0,0,0,0,1,1,1,-0.121443,0.034400
1,1,0,0,0,0,0,0,1,1,1,-0.120798,0.034500
1,1,0,0,0,0,0,0,1,1,1,-0.120476,0.034600
1,1,0,0,0,0,0,0,1,1,1,-0.120798,0.034700
1,1,0,0,0,0,0,0,1,1,1,-0.121121,0.034800
1,1,0,0,0,0,0,0,1,1,1,-0.120476,0.034900
1,0,0,0,0,0,0,0,1,1,1,-0.120476,0.035000
1,0,0,0,0,0,0,0,1,1,1,-0.120798,0.035100
1,0,0,0,0,0,0,0,1,1,1,-0.121121,0.035200
1,0,0,0,0,0,0,0,1,1,1,-0.120798,0.035300
1,0,0,0,0,0,0,0,1,1,1,-0.120476,0.035400
1,0,0,0,0,0,0,0,1,1,1,-0.120798,0.035500
1,0,0,0,0,0,0,0,1,1,1,-0.120798,0.035600
1,0,0,0,0,0,0,0,1,1,1,-0.120476,0.035700
1,0,0,0,0,0,0,0,1,1,1,-0.121121,0.035800
1,0,0,0,0,0,0,0,1,1,1,-0.120476,0.035900
1,0,0,0,0,0,0,0,1,1,1,-0.120798,0.036000
1,0,0,0,0,0,0,0,1,1,1,-0.120798,0.036100
1,0,0,0,0,0,0,0,1,1,1,-0.120798,0.036200
1,0,0,0,0,0,0,0,1,1,1,-0.121121,0.036300
1,0,0,0,0,0,0,0,1,1,1,-0.120476,0.036400
1,0,0,0,0,0,0,0,1,1,1,-0.120798,0.036500
1,0,0,0,0,0,0,0,1,1,1,-0.120798,0.036600
1,0,0,0,0,0,0,0,1,1,1,-0.120798,0.036700
1,0,0,0,0,0,0,0,1,1,1,-0.120798,0.036800
1,0,0,0,0,0,0,0,1,1,1,-0.120798,0.036900
1,0,0,0,0,0,0,0,1,1,1,-0.120798,0.037000
1,0,0,0,0,0,0,0,1,1,1,-0.120476,0.037100
1,0,0,0,0,0,0,0,1,1,1,-0.121443,0.037200
1,0,0,0,0,0,0,0,1,1,1,-0.120798,0.037300
1,0,0,0,0,0,0,0,1,1,1,-0.120798,0.037400
1,0,0,0,0,0,0,0,1,1,1,-0.120798,0.037500
1,0,0,0,0,0,0,0,1,1,1,-0.120476,0.037600
1,0,0,0,0,0,0,0,1,1,1,-0.121121,0.037700
1,0,0,0,0,0,0,0,1,1,1,-0.121121,0.037800
1,0,0,0,0,0,0,0,1,1,1,-0.120798,0.037900
1,0,0,0,0,0,0,0,1,1,1,-0.120798,0.038000
1,0,0,0,0,0,0,0,1,1,1,-0.120476,0.038100
1,0,0,0,0,0,0,0,1,1,1,-0.120798,0.038200
1,0,0,0,0,0,0,0,1,1,1,-0.121443,0.038300
1,0,0,0,0,0,0,0,1,1,1,-0.120798,0.038400
1,0,0,0,0,0,0,0,1,1,1,-0.121121,0.038500
1,0,0,0,0,0,0,0,1,1,1,-0.120798,0.038600
1,0,0,0,0,0,0,0,1,1,1,-0.120798,0.038700
1,0,0,0,0,0,0,0,1,1,1,-0.121121,0.038800
1,0,0,0,0,0,0,0,1,1,1,-0.120798,0.038900
1,0,0,0,0,0,0,0,1,1,1,-0.120798,0.039000
1,0,0,0,0,0,0,0,1,1,1,-0.121121,0.039100
1,0,0,0,0,0,0,0,1,1,1,-0.120798,0.039200
1,0,0,0,0,0,0,0,1,1,1,-0.120476,0.039300
1,0,0,0,0,0,0,0,1,1,1,-0.121121,0.039400
1,0,0,0,0,0,0,0,1,1,1,-0.121121,0.039500
1,0,0,0,0,0,0,0,1,1,1,-0.121121,0.039600
1,0,0,0,0,0,0,0,1,1,1,-0.121121,0.039700
1,0,0,0,0,0,0,0,1,1,1,-0.121121,0.039800
1,0,0,0,0,0,0,0,1,1,1,-0.120798,0.039900
1,1,1,0,0,0,0,1,0,1,1,-0.025446,0.040000
1,1,1,0,0,0,0,1,0,1,1,-0.025446,0.040100
1,1,1,0,0,0,0,1,0,1,1,-0.025446,0.040200
1,1,1,0,0,0,0,1,0,1,1,-0.025768,0.040300
1,1,1,0,0,0,0,1,0,1,1,-0.025446,0.040400
1,1,1,0,0,0,0,1,0,1,1,-0.025768,0.040500
1,1,1,0,0,0,0,1,0,1,1,-0.025768,0.040600
1,1,1,0,0,0,0,1,0,1,1,-0.025124,0.040700
1,1,1,0,0,0,0,1,0,1,1,-0.026090,0.040800
1,1,1,0,0,0,0,1,0,1,1,-0.025446,0.040900
1,1,1,0,0,0,0,1,0,1,1,-0.025768,0.041000
1,1,1,0,0,0,0,1,0,1,1,-0.025768,0.041100
1,1,1,0,0,0,0,1,0,1,1,-0.025768,0.041200
1,1,1,0,0,0,0,1,0,1,1,-0.025446,0.041300
1,1,1,0,0,0,0,1,0,1,1,-0.025446,0.041400
1,1,1,0,0,0,0,1,0,1,1,-0.026090,0.041500
1,1,1,0,0,0,0,1,0,1,1,-0.025768,0.041600
1,1,1,0,0,0,0,1,0,1,1,-0.025768,0.041700
1,1,1,0,0,0,0,1,0,1,1,-0.025446,0.041800
1,1,1,0,0,0,0,1,0,1,1,-0.024802,0.041900
1,1,1,0,0,0,0,1,0,1,1,-0.025768,0.042000
1,1,1,0,0,0,0,1,0,1,1,-0.025768,0.042100
1,1,1,0,0,0,0,1,0,1,1,-0.025768,0.042200
1,1,1,0,0,0,0,1,0,1,1,-0.025768,0.042300
1,1,1,0,0,0,0,1,0,1,1,-0.025446,0.042400
1,1,1,0,0,0,0,1,0,1,1,-0.025768,0.042500
1,1,1,0,0,0,0,1,0,1,1,-0.025446,0.042600
1,1,1,0,0,0,0,1,0,1,1,-0.025768,0.042700
1,1,1,0,0,0,0,1,0,1,1,-0.025124,0.042800
1,1,1,0,0,0,0,1,0,1,1,-0.025768,0.042900
1,1,1,0,0,0,0,1,0,1,1,-0.025446,0.043000
1,1,1,0,0,0,0,1,0,1,1,-0.025446,0.043100
1,1,1,0,0,0,0,1,0,1,1,-0.025446,0.043200
1,1,1,0,0,0,0,1,0,1,1,-0.025768,0.043300
1,1,1,0,0,0,0,1,0,1,1,-0.025446,0.043400
1,1,1,0,0,0,0,1,0,1,1,-0.026090,0.043500
1,1,1,0,0,0,0,1,0,1,1,-0.025446,0.043600
1,1,1,0,0,0,0,1,0,1,1,-0.025124,0.043700
1,1,1,0,0,0,0,1,0,1,1,-0.025768,0.043800
1,1,1,0,0,0,0,1,0,1,1,-0.025446,0.043900
1,1,1,0,0,0,0,1,0,1,1,-0.025124,0.044000
1,1,1,0,0,0,0,1,0,1,1,-0.025446,0.044100
1,1,1,0,0,0,0,1,0,1,1,-0.025446,0.044200
1,1,1,0,0,0,0,1,0,1,1,-0.025446,0.044300
1,1,1,0,0,0,0,1,0,1,1,-0.025446,0.044400
1,1,1,0,0,0,0,1,0,1,1,-0.025768,0.044500
1,1,1,0,0,0,0,1,0,1,1,-0.025768,0.044600
1,1,1,0,0,0,0,1,0,1,1,-0.025446,0.044700
1,1,1,0,0,0,0,1,0,1,1,-0.025446,0.044800
1,1,1,0,0,0,0,1,0,1,1,-0.025124,0.044900
1,0,1,0,0,0,0,1,0,1,1,-0.025124,0.045000
1,0,1,0,0,0,0,1,0,1,1,-0.025446,0.045100
1,0,1,0,0,0,0,1,0,1,1,-0.025446,0.045200
1,0,1,0,0,0,0,1,0,1,1,-0.025446,0.045300
1,0,1,0,0,0,0,1,0,1,1,-0.025124,0.045400
1,0,1,0,0,0,0,1,0,1,1,-0.025124,0.045500
1,0,1,0,0,0,0,1,0,1,1,-0.025446,0.045600
1,0,1,0,0,0,0,1,0,1,1,-0.026090,0.045700
1,0,1,0,0,0,0,1,0,1,1,-0.025768,0.045800
1,0,1,0,0,0,0,1,0,1,1,-0.025768,0.045900
1,0,1,0,0,0,0,1,0,1,1,-0.025446,0.046000
1,0,1,0,0,0,0,1,0,1,1,-0.024802,0.046100
1,0,1,0,0,0,0,1,0,1,1,-0.025768,0.046200
1,0,1,0,0,0,0,1,0,1,1,-0.025768,0.046300
1,0,1,0,0,0,0,1,0,1,1,-0.025768,0.046400
1,0,1,0,0,0,0,1,0,1,1,-0.025768,0.046500
1,0,1,0,0,0,0,1,0,1,1,-0.025768,0.046600
1,0,1,0,0,0,0,1,0,1,1,-0.025446,0.046700
1,0,1,0,0,0,0,1,0,1,1,-0.025446,0.046800
1,0,1,0,0,0,0,1,0,1,1,-0.025768,0.046900
1,0,1,0,0,0,0,1,0,1,1,-0.025768,0.047000
1,0,1,0,0,0,0,1,0,1,1,-0.025446,0.047100
1,0,1,0,0,0,0,1,0,1,1,-0.025124,0.047200
1,0,1,0,0,0,0,1,0,1,1,-0.026090,0.047300
1,0,1,0,0,0,0,1,0,1,1,-0.025446,0.047400
1,0,1,0,0,0,0,1,0,1,1,-0.026412,0.047500
1,0,1,0,0,0,0,1,0,1,1,-0.025768,0.047600
1,0,1,0,0,0,0,1,0,1,1,-0.026090,0.047700
1,0,1,0,0,0,0,1,0,1,1,-0.025446,0.047800
1,0,1,0,0,0,0,1,0,1,1,-0.025446,0.047900
1,0,1,0,0,0,0,1,0,1,1,-0.025446,0.048000
1,0,1,0,0,0,0,1,0,1,1,-0.026090,0.048100
1,0,1,0,0,0,0,1,0,1,1,-0.025768,0.048200
1,0,1,0,0,0,0,1,0,1,1,-0.025768,0.048300
1,0,1,0,0,0,0,1,0,1,1,-0.025768,0.048400
1,0,1,0,0,0,0,1,0,1,1,-0.025768,0.048500
1,0,1,0,0,0,0,1,0,1,1,-0.025446,0.048600
1,0,1,0,0,0,0,1,0,1,1,-0.025768,0.048700
1,0,1,0,0,0,0,1,0,1,1,-0.025124,0.048800
1,0,1,0,0,0,0,1,0,1,1,-0.025446,0.048900
1,0,1,0,0,0,0,1,0,1,1,-0.025768,0.049000
1,0,1,0,0,0,0,1,0,1,1,-0.025446,0.049100
1,0,1,0,0,0,0,1,0,1,1,-0.025768,0.049200
1,0,1,0,0,0,0,1,0,1,1,-0.025446,0.049300
1,0,1,0,0,0,0,1,0,1,1,-0.025446,0.049400
1,0,1,0,0,0,0,1,0,1,1,-0.024802,0.049500
1,0,1,0,0,0,0,1,0,1,1,-0.025446,0.049600
1,0,1,0,0,0,0,1,0,1,1,-0.025124,0.049700
1,0,1,0,0,0,0,1,0,1,1,-0.025768,0.049800
1,0,1,0,0,0,0,1,0,1,1,-0.025446,0.049900
1,1,1,0,0,0,1,0,0,1,1,0.022552,0.050000
1,1,1,0,0,0,1,0,0,1,1,0.022230,0.050100
1,1,1,0,0,0,1,0,0,1,1,0.022230,0.050200
1,1,1,0,0,0,1,0,0,1,1,0.022552,0.050300
1,1,1,0,0,0,1,0,0,1,1,0.021908,0.050400
1,1,1,0,0,0,1,0,0,1,1,0.021264,0.050500
1,1,1,0,0,0,1,0,0,1,1,0.022552,0.050600
1,1,1,0,0,0,1,0,0,1,1,0.021908,0.050700
1,1,1,0,0,0,1,0,0,1,1,0.022230,0.050800
1,1,1,0,0,0,1,0,0,1,1,0.022230,0.050900
1,1,1,0,0,0,1,0,0,1,1,0.022230,0.051000
1,1,1,0,0,0,1,0,0,1,1,0.022552,0.051100
1,1,1,0,0,0,1,0,0,1,1,0.021908,0.051200
1,1,1,0,0,0,1,0,0,1,1,0.022552,0.051300
1,1,1,0,0,0,1,0,0,1,1,0.022552,0.051400
1,1,1,0,0,0,1,0,0,1,1,0.022875,0.051500
1,1,1,0,0,0,1,0,0,1,1,0.022230,0.051600
1,1,1,0,0,0,1,0,0,1,1,0.021908,0.051700
1,1,1,0,0,0,1,0,0,1,1,0.022552,0.051800
1,1,1,0,0,0,1,0,0,1,1,0.021908,0.051900
1,1,1,0,0,0,1,0,0,1,1,0.022230,0.052000
1,1,1,0,0,0,1,0,0,1,1,0.022552,0.052100
1,1,1,0,0,0,1,0,0,1,1,0.022875,0.052200
1,1,1,0,0,0,1,0,0,1,1,0.021586,0.052300
1,1,1,0,0,0,1,0,0,1,1,0.022230,0.052400
1,1,1,0,0,0,1,0,0,1,1,0.021908,0.052500
1,1,1,0,0,0,1,0,0,1,1,0.022230,0.052600
1,1,1,0,0,0,1,0,0,1,1,0.022552,0.052700
1,1,1,0,0,0,1,0,0,1,1,0.022230,0.052800
1,1,1,0,0,0,1,0,0,1,1,0.022552,0.052900
1,1,1,0,0,0,1,0,0,1,1,0.021586,0.053000
1,1,1,0,0,0,1,0,0,1,1,0.021908,0.053100
1,1,1,0,0,0,1,0,0,1,1,0.022230,0.053200
1,1,1,0,0,0,1,0,0,1,1,0.022230,0.053300
1,1,1,0,0,0,1,0,0,1,1,0.022230,0.053400
1,1,1,0,0,0,1,0,0,1,1,0.021908,0.053500
1,1,1,0,0,0,1,0,0,1,1,0.022552,0.053600
1,1,1,0,0,0,1,0,0,1,1,0.022230,0.053700
1,1,1,0,0,0,1,0,0,1,1,0.022230,0.053800
1,1,1,0,0,0,1,0,0,1,1,0.021908,0.053900
1,1,1,0,0,0,1,0,0,1,1,0.022230,0.054000
1,1,1,0,0,0,1,0,0,1,1,0.021908,0.054100
1,1,1,0,0,0,1,0,0,1,1,0.022230,0.054200
1,1,1,0,0,0,1,0,0,1,1,0.021908,0.054300
1,1,1,0,0,0,1,0,0,1,1,0.022552,0.054400
1,1,1,0,0,0,1,0,0,1,1,0.022552,0.054500
1,1,1,0,0,0,1,0,0,1,1,0.022230,0.054600
1,1,1,0,0,0,1,0,0,1,1,0.022552,0.054700
1,1,1,0,0,0,1,0,0,1,1,0.022552,0.054800
1,1,1,0,0,0,1,0,0,1,1,0.021908,0.054900
1,0,1,0,0,0,1,0,0,1,1,0.022875,0.055000
1,0,1,0,0,0,1,0,0,1,1,0.021586,0.055100
1,0,1,0,0,0,1,0,0,1,1,0.021908,0.055200
1,0,1,0,0,0,1,0,0,1,1,0.022552,0.055300
1,0,1,0,0,0,1,0,0,1,1,0.022230,0.055400
1,0,1,0,0,0,1,0,0,1,1,0.022552,0.055500
1,0,1,0,0,0,1,0,0,1,1,0.022230,0.055600
1,0,1,0,0,0,1,0,0,1,1,0.022230,0.055700
1,0,1,0,0,0,1,0,0,1,1,0.022552,0.055800
1,0,1,0,0,0,1,0,0,1,1,0.022552,0.055900
1,0,1,0,0,0,1,0,0,1,1,0.021908,0.056000
1,0,1,0,0,0,1,0,0,1,1,0.021908,0.056100
1,0,1,0,0,0,1,0,0,1,1,0.022230,0.056200
1,0,1,0,0,0,1,0,0,1,1,0.022230,0.056300
1,0,1,0,0,0,1,0,0,1,1,0.022875,0.056400
1,0,1,0,0,0,1,0,0,1,1,0.022230,0.056500
1,0,1,0,0,0,1,0,0,1,1,0.022230,0.056600
1,0,1,0,0,0,1,0,0,1,1,0.022230,0.056700
1,0,1,0,0,0,1,0,0,1,1,0.021908,0.056800
1,0,1,0,0,0,1,0,0,1,1,0.022230,0.056900
1,0,1,0,0,0,1,0,0,1,1,0.022875,0.057000
1,0,1,0,0,0,1,0,0,1,1,0.022875,0.057100
1,0,1,0,0,0,1,0,0,1,1,0.022552,0.057200
1,0,1,0,0,0,1,0,0,1,1,0.022552,0.057300
1,0,1,0,0,0,1,0,0,1,1,0.021264,0.057400
1,0,1,0,0,0,1,0,0,1,1,0.021908,0.057500
1,0,1,0,0,0,1,0,0,1,1,0.022552,0.057600
1,0,1,0,0,0,1,0,0,1,1,0.022230,0.057700
1,0,1,0,0,0,1,0,0,1,1,0.022230,0.057800
1,0,1,0,0,0,1,0,0,1,1,0.021586,0.057900
1,0,1,0,0,0,1,0,0,1,1,0.021908,0.058000
1,0,1,0,0,0,1,0,0,1,1,0.021908,0.058100
1,0,1,0,0,0,1,0,0,1,1,0.022230,0.058200
1,0,1,0,0,0,1,0,0,1,1,0.022552,0.058300
1,0,1,0,0,0,1,0,0,1,1,0.022230,0.058400
1,0,1,0,0,0,1,0,0,1,1,0.021908,0.058500
1,0,1,0,0,0,1,0,0,1,1,0.022230,0.058600
1,0,1,0,0,0,1,0,0,1,1,0.021908,0.058700
1,0,1,0,0,0,1,0,0,1,1,0.021908,0.058800
1,0,1,0,0,0,1,0,0,1,1,0.022552,0.058900
1,0,1,0,0,0,1,0,0,1,1,0.021908,0.059000
1,0,1,0,0,0,1,0,0,1,1,0.022552,0.059100
1,0,1,0,0,0,1,0,0,1,1,0.022552,0.059200
1,0,1,0,0,0,1,0,0,1,1,0.022230,0.059300
1,0,1,0,0,0,1,0,0,1,1,0.022230,0.059400
1,0,1,0,0,0,1,0,0,1,1,0.022230,0.059500
1,0,1,0,0,0,1,0,0,1,1,0.021908,0.059600
1,0,1,0,0,0,1,0,0,1,1,0.021908,0.059700
1,0,1,0,0,0,1,0,0,1,1,0.022230,0.059800
1,0,1,0,0,0,1,0,0,1,1,0.021908,0.059900
1,1,0,0,0,1,1,0,0,1,1,-0.001930,0.060000
1,1,0,0,0,1,1,0,0,1,1,-0.001608,0.060100
1,1,0,0,0,1,1,0,0,1,1,-0.001608,0.060200
1,1,0,0,0,1,1,0,0,1,1,-0.001608,0.060300
1,1,0,0,0,1,1,0,0,1,1,-0.001930,0.060400
1,1,0,0,0,1,1,0,0,1,1,-0.000964,0.060500
1,1,0,0,0,1,1,0,0,1,1,-0.001286,0.060600
1,1,0,0,0,1,1,0,0,1,1,-0.001608,0.060700
1,1,0,0,0,1,1,0,0,1,1,-0.001608,0.060800
1,1,0,0,0,1,1,0,0,1,1,-0.002252,0.060900
1,1,0,0,0,1,1,0,0,1,1,-0.001286,0.061000
1,1,0,0,0,1,1,0,0,1,1,-0.001930,0.061100
1,1,0,0,0,1,1,0,0,1,1,-0.001930,0.061200
1,1,0,0,0,1,1,0,0,1,1,-0.001608,0.061300
1,1,0,0,0,1,1,0,0,1,1,-0.001608,0.061400
1,1,0,0,0,1,1,0,0,1,1,-0.001608,0.061500
1,1,0,0,0,1,1,0,0,1,1,-0.001286,0.061600
1,1,0,0,0,1,1,0,0,1,1,-0.001608,0.061700
1,1,0,0,0,1,1,0,0,1,1,-0.001286,0.061800
1,1,0,0,0,1,1,0,0,1,1,-0.001608,0.061900
1,1,0,0,0,1,1,0,0,1,1,-0.001608,0.062000
1,1,0,0,0,1,1,0,0,1,1,-0.001286,0.062100
1,1,0,0,0,1,1,0,0,1,1,-0.001930,0.062200
1,1,0,0,0,1,1,0,0,1,1,-0.000964,0.062300
1,1,0,0,0,1,1,0,0,1,1,-0.001608,0.062400
1,1,0,0,0,1,1,0,0,1,1,-0.001608,0.062500
1,1,0,0,0,1,1,0,0,1,1,-0.001608,0.062600
1,1,0,0,0,1,1,0,0,1,1,-0.001286,0.062700
1,1,0,0,0,1,1,0,0,1,1,-0.001286,0.062800
1,1,0,0,0,1,1,0,0,1,1,-0.001286,0.062900
1,1,0,0,0,1,1,0,0,1,1,-0.001286,0.063000
1,1,0,0,0,1,1,0,0,1,1,-0.001286,0.063100
1,1,0,0,0,1,1,0,0,1,1,-0.001608,0.063200
1,1,0,0,0,1,1,0,0,1,1,-0.002252,0.063300
1,1,0,0,0,1,1,0,0,1,1,-0.001608,0.063400
1,1,0,0,0,1,1,0,0,1,1,-0.001608,0.063500
1,1,0,0,0,1,1,0,0,1,1,-0.001608,0.063600
1,1,0,0,0,1,1,0,0,1,1,-0.001930,0.063700
1,1,0,0,0,1,1,0,0,1,1,-0.001608,0.063800
1,1,0,0,0,1,1,0,0,1,1,-0.001608,0.063900
1,1,0,0,0,1,1,0,0,1,1,-0.002252,0.064000
1,1,0,0,0,1,1,0,0,1,1,-0.001608,0.064100
1,1,0,0,0,1,1,0,0,1,1,-0.001286,0.064200
1,1,0,0,0,1,1,0,0,1,1,-0.001286,0.064300
1,1,0,0,0,1,1,0,0,1,1,-0.001286,0.064400
1,1,0,0,0,1,1,0,0,1,1,-0.001286,0.064500
1,1,0,0,0,1,1,0,0,1,1,-0.001608,0.064600
1,1,0,0,0,1,1,0,0,1,1,-0.001286,0.064700
1,1,0,0,0,1,1,0,0,1,1,-0.001930,0.064800
1,1,0,0,0,1,1,0,0,1,1,-0.001286,0.064900
1,0,0,0,0,1,1,0,0,1,1,-0.001286,0.065000
1,0,0,0,0,1,1,0,0,1,1,-0.001286,0.065100
1,0,0,0,0,1,1,0,0,1,1,-0.001608,0.065200
1,0,0,0,0,1,1,0,0,1,1,-0.001608,0.065300
1,0,0,0,0,1,1,0,0,1,1,-0.000964,0.065400
1,0,0,0,0,1,1,0,0,1,1,-0.001608,0.065500
1,0,0,0,0,1,1,0,0,1,1,-0.001286,0.065600
1,0,0,0,0,1,1,0,0,1,1,-0.001286,0.065700
1,0,0,0,0,1,1,0,0,1,1,-0.001286,0.065800
1,0,0,0,0,1,1,0,0,1,1,-0.001286,0.065900
1,0,0,0,0,1,1,0,0,1,1,-0.001930,0.066000
1,0,0,0,0,1,1,0,0,1,1,-0.000964,0.066100
1,0,0,0,0,1,1,0,0,1,1,-0.001608,0.066200
1,0,0,0,0,1,1,0,0,1,1,-0.001608,0.066300
1,0,0,0,0,1,1,0,0,1,1,-0.001608,0.066400
1,0,0,0,0,1,1,0,0,1,1,-0.001930,0.066500
1,0,0,0,0,1,1,0,0,1,1,-0.001286,0.066600
1,0,0,0,0,1,1,0,0,1,1,-0.001608,0.066700
1,0,0,0,0,1,1,0,0,1,1,-0.001286,0.066800
1,0,0,0,0,1,1,0,0,1,1,-0.001286,0.066900
1,0,0,0,0,1,1,0,0,1,1,-0.001608,0.067000
1,0,0,0,0,1,1,0,0,1,1,-0.001930,0.067100
1,0,0,0,0,1,1,0,0,1,1,-0.001608,0.067200
1,0,0,0,0,1,1,0,0,1,1,-0.000964,0.067300
1,0,0,0,0,1,1,0,0,1,1,-0.001608,0.067400
1,0,0,0,0,1,1,0,0,1,1,-0.001286,0.067500
1,0,0,0,0,1,1,0,0,1,1,-0.001608,0.067600
1,0,0,0,0,1,1,0,0,1,1,-0.001930,0.067700
1,0,0,0,0,1,1,0,0,1,1,-0.001608,0.067800
1,0,0,0,0,1,1,0,0,1,1,-0.001930,0.067900
1,0,0,0,0,1,1,0,0,1,1,-0.001286,0.068000
1,0,0,0,0,1,1,0,0,1,1,-0.001608,0.068100
1,0,0,0,0,1,1,0,0,1,1,-0.001930,0.068200
1,0,0,0,0,1,1,0,0,1,1,-0.001608,0.068300
1,0,0,0,0,1,1,0,0,1,1,-0.001286,0.068400
1,0,0,0,0,1,1,0,0,1,1,-0.001930,0.068500
1,0,0,0,0,1,1,0,0,1,1,-0.000964,0.068600
1,0,0,0,0,1,1,0,0,1,1,-0.000641,0.068700
1,0,0,0,0,1,1,0,0,1,1,-0.001286,0.068800
1,0,0,0,0,1,1,0,0,1,1,-0.001930,0.068900
1,0,0,0,0,1,1,0,0,1,1,-0.001930,0.069000
1,0,0,0,0,1,1,0,0,1,1,-0.001286,0.069100
1,0,0,0,0,1,1,0,0,1,1,-0.001286,0.069200
1,0,0,0,0,1,1,0,0,1,1,-0.001286,0.069300
1,0,0,0,0,1,1,0,0,1,1,-0.001286,0.069400
1,0,0,0,0,1,1,0,0,1,1,-0.001930,0.069500
1,0,0,0,0,1,1,0,0,1,1,-0.001286,0.069600
1,0,0,0,0,1,1,0,0,1,1,-0.001608,0.069700
1,0,0,0,0,1,1,0,0,1,1,-0.001930,0.069800
1,0,0,0,0,1,1,0,0,1,1,-0.001608,0.069900
1,1,0,0,1,1,1,0,0,1,1,-0.013527,0.070000
1,1,0,0,1,1,1,0,0,1,1,-0.013527,0.070100
1,1,0,0,1,1,1,0,0,1,1,-0.013527,0.070200
1,1,0,0,1,1,1,0,0,1,1,-0.013527,0.070300
1,1,0,0,1,1,1,0,0,1,1,-0.013205,0.070400
1,1,0,0,1,1,1,0,0,1,1,-0.012883,0.070500
1,1,0,0,1,1,1,0,0,1,1,-0.014171,0.070600
1,1,0,0,1,1,1,0,0,1,1,-0.013205,0.070700
1,1,0,0,1,1,1,0,0,1,1,-0.013205,0.070800
1,1,0,0,1,1,1,0,0,1,1,-0.013205,0.070900
1,1,0,0,1,1,1,0,0,1,1,-0.013205,0.071000
1,1,0,0,1,1,1,0,0,1,1,-0.013527,0.071100
1,1,0,0,1,1,1,0,0,1,1,-0.012883,0.071200
1,1,0,0,1,1,1,0,0,1,1,-0.013205,0.071300
1,1,0,0,1,1,1,0,0,1,1,-0.013205,0.071400
1,1,0,0,1,1,1,0,0,1,1,-0.013527,0.071500
1,1,0,0,1,1,1,0,0,1,1,-0.012883,0.071600
1,1,0,0,1,1,1,0,0,1,1,-0.012883,0.071700
1,1,0,0,1,1,1,0,0,1,1,-0.013527,0.071800
1,1,0,0,1,1,1,0,0,1,1,-0.013205,0.071900
1,1,0,0,1,1,1,0,0,1,1,-0.013527,0.072000
1,1,0,0,1,1,1,0,0,1,1,-0.013205,0.072100
1,1,0,0,1,1,1,0,0,1,1,-0.013527,0.072200
1,1,0,0,1,1,1,0,0,1,1,-0.013205,0.072300
1,1,0,0,1,1,1,0,0,1,1,-0.013849,0.072400
1,1,0,0,1,1,1,0,0,1,1,-0.013527,0.072500
1,1,0,0,1,1,1,0,0,1,1,-0.013205,0.072600
1,1,0,0,1,1,1,0,0,1,1,-0.013527,0.072700
1,1,0,0,1,1,1,0,0,1,1,-0.012883,0.072800
1,1,0,0,1,1,1,0,0,1,1,-0.013849,0.072900
1,1,0,0,1,1,1,0,0,1,1,-0.013205,0.073000
1,1,0,0,1,1,1,0,0,1,1,-0.013205,0.073100
1,1,0,0,1,1,1,0,0,1,1,-0.013849,0.073200
1,1,0,0,1,1,1,0,0,1,1,-0.013205,0.073300
1,1,0,0,1,1,1,0,0,1,1,-0.012560,0.073400
1,1,0,0,1,1,1,0,0,1,1,-0.013205,0.073500
1,1,0,0,1,1,1,0,0,1,1,-0.013849,0.073600
1,1,0,0,1,1,1,0,0,1,1,-0.013527,0.073700
1,1,0,0,1,1,1,0,0,1,1,-0.013527,0.073800
1,1,0,0,1,1,1,0,0,1,1,-0.013205,0.073900
1,1,0,0,1,1,1,0,0,1,1,-0.013205,0.074000
1,1,0,0,1,1,1,0,0,1,1,-0.013527,0.074100
1,1,0,0,1,1,1,0,0,1,1,-0.013527,0.074200
1,1,0,0,1,1,1,0,0,1,1,-0.013205,0.074300
1,1,0,0,1,1,1,0,0,1,1,-0.013205,0.074400
1,1,0,0,1,1,1,0,0,1,1,-0.013527,0.074500
1,1,0,0,1,1,1,0,0,1,1,-0.012883,0.074600
1,1,0,0,1,1,1,0,0,1,1,-0.012883,0.074700
1,1,0,0,1,1,1,0,0,1,1,-0.013849,0.074800
1,1,0,0,1,1,1,0,0,1,1,-0.013849,0.074900
1,0,0,0,1,1,1,0,0,1,1,-0.013205,0.075000
1,0,0,0,1,1,1,0,0,1,1,-0.013527,0.075100
1,0,0,0,1,1,1,0,0,1,1,-0.013527,0.075200
1,0,0,0,1,1,1,0,0,1,1,-0.013205,0.075300
1,0,0,0,1,1,1,0,0,1,1,-0.012883,0.075400
1,0,0,0,1,1,1,0,0,1,1,-0.013205,0.075500
1,0,0,0,1,1,1,0,0,1,1,-0.013205,0.075600
1,0,0,0,1,1,1,0,0,1,1,-0.013205,0.075700
1,0,0,0,1,1,1,0,0,1,1,-0.013205,0.075800
1,0,0,0,1,1,1,0,0,1,1,-0.013205,0.075900
1,0,0,0,1,1,1,0,0,1,1,-0.013527,0.076000
1,0,0,0,1,1,1,0,0,1,1,-0.012883,0.076100
1,0,0,0,1,1,1,0,0,1,1,-0.013205,0.076200
1,0,0,0,1,1,1,0,0,1,1,-0.013527,0.076300
1,0,0,0,1,1,1,0,0,1,1,-0.013205,0.076400
1,0,0,0,1,1,1,0,0,1,1,-0.013205,0.076500
1,0,0,0,1,1,1,0,0,1,1,-0.012883,0.076600
1,0,0,0,1,1,1,0,0,1,1,-0.013849,0.076700
1,0,0,0,1,1,1,0,0,1,1,-0.012560,0.076800
1,0,0,0,1,1,1,0,0,1,1,-0.013205,0.076900
1,0,0,0,1,1,1,0,0,1,1,-0.013205,0.077000
1,0,0,0,1,1,1,0,0,1,1,-0.012883,0.077100
1,0,0,0,1,1,1,0,0,1,1,-0.013205,0.077200
1,0,0,0,1,1,1,0,0,1,1,-0.013527,0.077300
1,0,0,0,1,1,1,0,0,1,1,-0.013849,0.077400
1,0,0,0,1,1,1,0,0,1,1,-0.013527,0.077500
1,0,0,0,1,1,1,0,0,1,1,-0.012883,0.077600
1,0,0,0,1,1,1,0,0,1,1,-0.013205,0.077700
1,0,0,0,1,1,1,0,0,1,1,-0.013849,0.077800
1,0,0,0,1,1,1,0,0,1,1,-0.013527,0.077900
1,0,0,0,1,1,1,0,0,1,1,-0.013527,0.078000
1,0,0,0,1,1,1,0,0,1,1,-0.012883,0.078100
1,0,0,0,1,1,1,0,0,1,1,-0.013205,0.078200
1,0,0,0,1,1,1,0,0,1,1,-0.013205,0.078300
1,0,0,0,1,1,1,0,0,1,1,-0.013205,0.078400
1,0,0,0,1,1,1,0,0,1,1,-0.013205,0.078500
1,0,0,0,1,1,1,0,0,1,1,-0.013527,0.078600
1,0,0,0,1,1,1,0,0,1,1,-0.013527,0.078700
1,0,0,0,1,1,1,0,0,1,1,-0.013205,0.078800
1,0,0,0,1,1,1,0,0,1,1,-0.012883,0.078900
1,0,0,0,1,1,1,0,0,1,1,-0.013527,0.079000
1,0,0,0,1,1,1,0,0,1,1,-0.013527,0.079100
1,0,0,0,1,1,1,0,0,1,1,-0.013205,0.079200
1,0,0,0,1,1,1,0,0,1,1,-0.013205,0.079300
1,0,0,0,1,1,1,0,0,1,1,-0.013527,0.079400
1,0,0,0,1,1,1,0,0,1,1,-0.013205,0.079500
1,0,0,0,1,1,1,0,0,1,1,-0.012883,0.079600
1,0,0,0,1,1,1,0,0,1,1,-0.013527,0.079700
1,0,0,0,1,1,1,0,0,1,1,-0.013527,0.079800
1,0,0,0,1,1,1,0,0,1,1,-0.013527,0.079900
1,1,1,1,0,1,1,0,0,1,1,-0.007084,0.080000
1,1,1,1,0,1,1,0,0,1,1,-0.007084,0.080100
1,1,1,1,0,1,1,0,0,1,1,-0.007728,0.080200
1,1,1,1,0,1,1,0,0,1,1,-0.007406,0.080300
1,1,1,1,0,1,1,0,0,1,1,-0.007406,0.080400
1,1,1,1,0,1,1,0,0,1,1,-0.007406,0.080500
1,1,1,1,0,1,1,0,0,1,1,-0.007406,0.080600
1,1,1,1,0,1,1,0,0,1,1,-0.007728,0.080700
1,1,1,1,0,1,1,0,0,1,1,-0.007728,0.080800
1,1,1,1,0,1,1,0,0,1,1,-0.007084,0.080900
1,1,1,1,0,1,1,0,0,1,1,-0.007084,0.081000
1,1,1,1,0,1,1,0,0,1,1,-0.008373,0.081100
1,1,1,1,0,1,1,0,0,1,1,-0.006440,0.081200
1,1,1,1,0,1,1,0,0,1,1,-0.007406,0.081300
1,1,1,1,0,1,1,0,0,1,1,-0.007084,0.081400
1,1,1,1,0,1,1,0,0,1,1,-0.007084,0.081500
1,1,1,1,0,1,1,0,0,1,1,-0.007084,0.081600
1,1,1,1,0,1,1,0,0,1,1,-0.007728,0.081700
1,1,1,1,0,1,1,0,0,1,1,-0.006762,0.081800
1,1,1,1,0,1,1,0,0,1,1,-0.007084,0.081900
1,1,1,1,0,1,1,0,0,1,1,-0.007084,0.082000
1,1,1,1,0,1,1,0,0,1,1,-0.007728,0.082100
1,1,1,1,0,1,1,0,0,1,1,-0.007406,0.082200
1,1,1,1,0,1,1,0,0,1,1,-0.007406,0.082300
1,1,1,1,0,1,1,0,0,1,1,-0.007728,0.082400
1,1,1,1,0,1,1,0,0,1,1,-0.007406,0.082500
1,1,1,1,0,1,1,0,0,1,1,-0.007084,0.082600
1,1,1,1,0,1,1,0,0,1,1,-0.007728,0.082700
1,1,1,1,0,1,1,0,0,1,1,-0.007406,0.082800
1,1,1,1,0,1,1,0,0,1,1,-0.007406,0.082900
1,1,1,1,0,1,1,0,0,1,1,-0.007406,0.083000
1,1,1,1,0,1,1,0,0,1,1,-0.007406,0.083100
1,1,1,1,0,1,1,0,0,1,1,-0.007406,0.083200
1,1,1,1,0,1,1,0,0,1,1,-0.008051,0.083300
1,1,1,1,0,1,1,0,0,1,1,-0.007406,0.083400
1,1,1,1,0,1,1,0,0,1,1,-0.008051,0.083500
1,1,1,1,0,1,1,0,0,1,1,-0.007084,0.083600
1,1,1,1,0,1,1,0,0,1,1,-0.007084,0.083700
1,1,1,1,0,1,1,0,0,1,1,-0.007406,0.083800
1,1,1,1,0,1,1,0,0,1,1,-0.007084,0.083900
1,1,1,1,0,1,1,0,0,1,1,-0.007406,0.084000
1,1,1,1,0,1,1,0,0,1,1,-0.007406,0.084100
1,1,1,1,0,1,1,0,0,1,1,-0.007084,0.084200
1,1,1,1,0,1,1,0,0,1,1,-0.007728,0.084300
1,1,1,1,0,1,1,0,0,1,1,-0.007406,0.084400
1,1,1,1,0,1,1,0,0,1,1,-0.007406,0.084500
1,1,1,1,0,1,1,0,0,1,1,-0.007406,0.084600
1,1,1,1,0,1,1,0,0,1,1,-0.008051,0.084700
1,1,1,1,0,1,1,0,0,1,1,-0.007728,0.084800
1,1,1,1,0,1,1,0,0,1,1,-0.007084,0.084900
1,0,1,1,0,1,1,0,0,1,1,-0.007084,0.085000
1,0,1,1,0,1,1,0,0,1,1,-0.007084,0.085100
1,0,1,1,0,1,1,0,0,1,1,-0.007728,0.085200
1,0,1,1,0,1,1,0,0,1,1,-0.007406,0.085300
1,0,1,1,0,1,1,0,0,1,1,-0.007406,0.085400
1,0,1,1,0,1,1,0,0,1,1,-0.007406,0.085500
1,0,1,1,0,1,1,0,0,1,1,-0.007084,0.085600
1,0,1,1,0,1,1,0,0,1,1,-0.007406,0.085700
1,0,1,1,0,1,1,0,0,1,1,-0.007406,0.085800
1,0,1,1,0,1,1,0,0,1,1,-0.007084,0.085900
1,0,1,1,0,1,1,0,0,1,1,-0.007728,0.086000
1,0,1,1,0,1,1,0,0,1,1,-0.007728,0.086100
1,0,1,1,0,1,1,0,0,1,1,-0.007406,0.086200
1,0,1,1,0,1,1,0,0,1,1,-0.007728,0.086300
1,0,1,1,0,1,1,0,0,1,1,-0.007406,0.086400
1,0,1,1,0,1,1,0,0,1,1,-0.007084,0.086500
1,0,1,1,0,1,1,0,0,1,1,-0.007406,0.086600
1,0,1,1,0,1,1,0,0,1,1,-0.007084,0.086700
1,0,1,1,0,1,1,0,0,1,1,-0.007406,0.086800
1,0,1,1,0,1,1,0,0,1,1,-0.007406,0.086900
1,0,1,1,0,1,1,0,0,1,1,-0.007728,0.087000
1,0,1,1,0,1,1,0,0,1,1,-0.007084,0.087100
1,0,1,1,0,1,1,0,0,1,1,-0.007728,0.087200
1,0,1,1,0,1,1,0,0,1,1,-0.007084,0.087300
1,0,1,1,0,1,1,0,0,1,1,-0.008051,0.087400
1,0,1,1,0,1,1,0,0,1,1,-0.007728,0.087500
1,0,1,1,0,1,1,0,0,1,1,-0.007728,0.087600
1,0,1,1,0,1,1,0,0,1,1,-0.007406,0.087700
1,0,1,1,0,1,1,0,0,1,1,-0.008051,0.087800
1,0,1,1,0,1,1,0,0,1,1,-0.007728,0.087900
1,0,1,1,0,1,1,0,0,1,1,-0.007084,0.088000
1,0,1,1,0,1,1,0,0,1,1,-0.007406,0.088100
1,0,1,1,0,1,1,0,0,1,1,-0.007406,0.088200
1,0,1,1,0,1,1,0,0,1,1,-0.007406,0.088300
1,0,1,1,0,1,1,0,0,1,1,-0.007728,0.088400
1,0,1,1,0,1,1,0,0,1,1,-0.007084,0.088500
1,0,1,1,0,1,1,0,0,1,1,-0.007406,0.088600
1,0,1,1,0,1,1,0,0,1,1,-0.008051,0.088700
1,0,1,1,0,1,1,0,0,1,1,-0.007406,0.088800
1,0,1,1,0,1,1,0,0,1,1,-0.007728,0.088900
1,0,1,1,0,1,1,0,0,1,1,-0.007728,0.089000
1,0,1,1,0,1,1,0,0,1,1,-0.007728,0.089100
1,0,1,1,0,1,1,0,0,1,1,-0.007728,0.089200
1,0,1,1,0,1,1,0,0,1,1,-0.007406,0.089300
1,0,1,1,0,1,1,0,0,1,1,-0.007406,0.089400
1,0,1,1,0,1,1,0,0,1,1,-0.007406,0.089500
1,0,1,1,0,1,1,0,0,1,1,-0.008051,0.089600
1,0,1,1,0,1,1,0,0,1,1,-0.007728,0.089700
1,0,1,1,0,1,1,0,0,1,1,-0.007406,0.089800
1,0,1,1,0,1,1,0,0,1,1,-0.007406,0.089900
0,1,1,0,0,1,1,0,0,1,1,-0.001930,0.090000
0,1,1,0,0,1,1,0,0,1,1,-0.001930,0.090100
0,1,1,0,0,1,1,0,0,1,1,-0.002252,0.090200
0,1,1,0,0,1,1,0,0,1,1,-0.001608,0.090300
0,1,1,0,0,1,1,0,0,1,1,-0.001286,0.090400
0,1,1,0,0,1,1,0,0,1,1,-0.000964,0.090500
0,1,1,0,0,1,1,0,0,1,1,-0.000964,0.090600
0,1,1,0,0,1,1,0,0,1,1,-0.001286,0.090700
0,1,1,0,0,1,1,0,0,1,1,-0.001286,0.090800
0,1,1,0,0,1,1,0,0,1,1,-0.001608,0.090900
0,1,1,0,0,1,1,0,0,1,1,-0.001286,0.091000
0,1,1,0,0,1,1,0,0,1,1,-0.001608,0.091100
0,1,1,0,0,1,1,0,0,1,1,-0.001930,0.091200
0,1,1,0,0,1,1,0,0,1,1,-0.001608,0.091300
0,1,1,0,0,1,1,0,0,1,1,-0.001286,0.091400
0,1,1,0,0,1,1,0,0,1,1,-0.001608,0.091500
0,1,1,0,0,1,1,0,0,1,1,-0.000964,0.091600
0,1,1,0,0,1,1,0,0,1,1,-0.001286,0.091700
0,1,1,0,0,1,1,0,0,1,1,-0.001286,0.091800
0,1,1,0,0,1,1,0,0,1,1,-0.001608,0.091900
0,1,1,0,0,1,1,0,0,1,1,-0.001286,0.092000
0,1,1,0,0,1,1,0,0,1,1,-0.001930,0.092100
0,1,1,0,0,1,1,0,0,1,1,-0.001608,0.092200
0,1,1,0,0,1,1,0,0,1,1,-0.001608,0.092300
0,1,1,0,0,1,1,0,0,1,1,-0.000964,0.092400
0,1,1,0,0,1,1,0,0,1,1,-0.001930,0.092500
0,1,1,0,0,1,1,0,0,1,1,-0.001608,0.092600
0,1,1,0,0,1,1,0,0,1,1,-0.000964,0.092700
0,1,1,0,0,1,1,0,0,1,1,-0.001286,0.092800
0,1,1,0,0,1,1,0,0,1,1,-0.001608,0.092900
0,1,1,0,0,1,1,0,0,1,1,-0.001608,0.093000
0,1,1,0,0,1,1,0,0,1,1,-0.001608,0.093100
0,1,1,0,0,1,1,0,0,1,1,-0.001608,0.093200
0,1,1,0,0,1,1,0,0,1,1,-0.001608,0.093300
0,1,1,0,0,1,1,0,0,1,1,-0.002252,0.093400
0,1,1,0,0,1,1,0,0,1,1,-0.001286,0.093500
0,1,1,0,0,1,1,0,0,1,1,-0.001286,0.093600
0,1,1,0,0,1,1,0,0,1,1,-0.001930,0.093700
0,1,1,0,0,1,1,0,0,1,1,-0.002252,0.093800
0,1,1,0,0,1,1,0,0,1,1,-0.001286,0.093900
0,1,1,0,0,1,1,0,0,1,1,-0.001608,0.094000
0,1,1,0,0,1,1,0,0,1,1,-0.000964,0.094100
0,1,1,0,0,1,1,0,0,1,1,-0.001930,0.094200
0,1,1,0,0,1,1,0,0,1,1,-0.001930,0.094300
0,1,1,0,0,1,1,0,0,1,1,-0.001608,0.094400
0,1,1,0,0,1,1,0,0,1,1,-0.001286,0.094500
0,1,1,0,0,1,1,0,0,1,1,-0.001286,0.094600
0,1,1,0,0,1,1,0,0,1,1,-0.000964,0.094700
0,1,1,0,0,1,1,0,0,1,1,-0.001608,0.094800
0,1,1,0,0,1,1,0,0,1,1,-0.001286,0.094900
0,0,1,0,0,1,1,0,0,1,1,-0.001930,0.095000
0,0,1,0,0,1,1,0,0,1,1,-0.001930,0.095100
0,0,1,0,0,1,1,0,0,1,1,-0.001286,0.095200
0,0,1,0,0,1,1,0,0,1,1,-0.001286,0.095300
0,0,1,0,0,1,1,0,0,1,1,-0.001286,0.095400
0,0,1,0,0,1,1,0,0,1,1,-0.001608,0.095500
0,0,1,0,0,1,1,0,0,1,1,-0.001608,0.095600
0,0,1,0,0,1,1,0,0,1,1,-0.001286,0.095700
0,0,1,0,0,1,1,0,0,1,1,-0.001286,0.095800
0,0,1,0,0,1,1,0,0,1,1,-0.001286,0.095900
0,0,1,0,0,1,1,0,0,1,1,-0.002574,0.096000
0,0,1,0,0,1,1,0,0,1,1,-0.001930,0.096100
0,0,1,0,0,1,1,0,0,1,1,-0.001930,0.096200
0,0,1,0,0,1,1,0,0,1,1,-0.001608,0.096300
0,0,1,0,0,1,1,0,0,1,1,-0.001286,0.096400
0,0,1,0,0,1,1,0,0,1,1,-0.001286,0.096500
0,0,1,0,0,1,1,0,0,1,1,-0.001608,0.096600
0,0,1,0,0,1,1,0,0,1,1,-0.001286,0.096700
0,0,1,0,0,1,1,0,0,1,1,-0.001286,0.096800
0,0,1,0,0,1,1,0,0,1,1,-0.001608,0.096900
0,0,1,0,0,1,1,0,0,1,1,-0.001930,0.097000
0,0,1,0,0,1,1,0,0,1,1,-0.001286,0.097100
0,0,1,0,0,1,1,0,0,1,1,-0.001930,0.097200
0,0,1,0,0,1,1,0,0,1,1,-0.001608,0.097300
0,0,1,0,0,1,1,0,0,1,1,-0.001930,0.097400
0,0,1,0,0,1,1,0,0,1,1,-0.001608,0.097500
0,0,1,0,0,1,1,0,0,1,1,-0.001608,0.097600
0,0,1,0,0,1,1,0,0,1,1,-0.001286,0.097700
0,0,1,0,0,1,1,0,0,1,1,-0.001286,0.097800
0,0,1,0,0,1,1,0,0,1,1,-0.001286,0.097900
0,0,1,0,0,1,1,0,0,1,1,-0.001608,0.098000
0,0,1,0,0,1,1,0,0,1,1,-0.000964,0.098100
0,0,1,0,0,1,1,0,0,1,1,-0.000964,0.098200
0,0,1,0,0,1,1,0,0,1,1,-0.001930,0.098300
0,0,1,0,0,1,1,0,0,1,1,-0.001286,0.098400
0,0,1,0,0,1,1,0,0,1,1,-0.000964,0.098500
0,0,1,0,0,1,1,0,0,1,1,-0.001930,0.098600
0,0,1,0,0,1,1,0,0,1,1,-0.001930,0.098700
0,0,1,0,0,1,1,0,0,1,1,-0.001930,0.098800
0,0,1,0,0,1,1,0,0,1,1,-0.000964,0.098900
0,0,1,0,0,1,1,0,0,1,1,-0.001930,0.099000
0,0,1,0,0,1,1,0,0,1,1,-0.001608,0.099100
0,0,1,0,0,1,1,0,0,1,1,-0.001608,0.099200
0,0,1,0,0,1,1,0,0,1,1,-0.001930,0.099300
0,0,1,0,0,1,1,0,0,1,1,-0.001608,0.099400
0,0,1,0,0,1,1,0,0,1,1,-0.000964,0.099500
0,0,1,0,0,1,1,0,0,1,1,-0.001608,0.099600
0,0,1,0,0,1,1,0,0,1,1,-0.001608,0.099700
0,0,1,0,0,1,1,0,0,1,1,-0.001930,0.099800
0,0,1,0,0,1,1,0,0,1,1,-0.001608,0.099900
1,1,0,0,0,0,0,0,0,0,1,0.451317,0.100000
1,1,0,0,0,0,0,0,0,0,1,0.450994,0.100100
1,1,0,0,0,0,0,0,0,0,1,0.450994,0.100200
1,1,0,0,0,0,0,0,0,0,1,0.450672,0.100300
1,1,0,0,0,0,0,0,0,0,1,0.450672,0.100400
1,1,0,0,0,0,0,0,0,0,1,0.450672,0.100500
1,1,0,0,0,0,0,0,0,0,1,0.450994,0.100600
1,1,0,0,0,0,0,0,0,0,1,0.450994,0.100700
1,1,0,0,0,0,0,0,0,0,1,0.451317,0.100800
1,1,0,0,0,0,0,0,0,0,1,0.450994,0.100900
1,1,0,0,0,0,0,0,0,0,1,0.450672,0.101000
1,1,0,0,0,0,0,0,0,0,1,0.450350,0.101100
1,1,0,0,0,0,0,0,0,0,1,0.451317,0.101200
1,1,0,0,0,0,0,0,0,0,1,0.451317,0.101300
1,1,0,0,0,0,0,0,0,0,1,0.450672,0.101400
1,1,0,0,0,0,0,0,0,0,1,0.450350,0.101500
1,1,0,0,0,0,0,0,0,0,1,0.450994,0.101600
1,1,0,0,0,0,0,0,0,0,1,0.450994,0.101700
1,1,0,0,0,0,0,0,0,0,1,0.450994,0.101800
1,1,0,0,0,0,0,0,0,0,1,0.451317,0.101900
1,1,0,0,0,0,0,0,0,0,1,0.450672,0.102000
1,1,0,0,0,0,0,0,0,0,1,0.450672,0.102100
1,1,0,0,0,0,0,0,0,0,1,0.450994,0.102200
1,1,0,0,0,0,0,0,0,0,1,0.450994,0.102300
1,1,0,0,0,0,0,0,0,0,1,0.450672,0.102400
1,1,0,0,0,0,0,0,0,0,1,0.450994,0.102500
1,1,0,0,0,0,0,0,0,0,1,0.450994,0.102600
1,1,0,0,0,0,0,0,0,0,1,0.450994,0.102700
1,1,0,0,0,0,0,0,0,0,1,0.450672,0.102800
1,1,0,0,0,0,0,0,0,0,1,0.450350,0.102900
1,1,0,0,0,0,0,0,0,0,1,0.450994,0.103000
1,1,0,0,0,0,0,0,0,0,1,0.450994,0.103100
1,1,0,0,0,0,0,0,0,0,1,0.450994,0.103200
1,1,0,0,0,0,0,0,0,0,1,0.450672,0.103300
1,1,0,0,0,0,0,0,0,0,1,0.451317,0.103400
1,1,0,0,0,0,0,0,0,0,1,0.450350,0.103500
1,1,0,0,0,0,0,0,0,0,1,0.450672,0.103600
1,1,0,0,0,0,0,0,0,0,1,0.450994,0.103700
1,1,0,0,0,0,0,0,0,0,1,0.450672,0.103800
1,1,0,0,0,0,0,0,0,0,1,0.451317,0.103900
1,1,0,0,0,0,0,0,0,0,1,0.450672,0.104000
1,1,0,0,0,0,0,0,0,0,1,0.450994,0.104100
1,1,0,0,0,0,0,0,0,0,1,0.450672,0.104200
1,1,0,0,0,0,0,0,0,0,1,0.451317,0.104300
1,1,0,0,0,0,0,0,0,0,1,0.450994,0.104400
1,1,0,0,0,0,0,0,0,0,1,0.450672,0.104500
1,1,0,0,0,0,0,0,0,0,1,0.450672,0.104600
1,1,0,0,0,0,0,0,0,0,1,0.450672,0.104700
1,1,0,0,0,0,0,0,0,0,1,0.450994,0.104800
1,1,0,0,0,0,0,0,0,0,1,0.451317,0.104900
1,0,0,0,0,0,0,0,0,0,1,0.451317,0.105000
1,0,0,0,0,0,0,0,0,0,1,0.450994,0.105100
1,0,0,0,0,0,0,0,0,0,1,0.450994,0.105200
1,0,0,0,0,0,0,0,0,0,1,0.451317,0.105300
1,0,0,0,0,0,0,0,0,0,1,0.450994,0.105400
1,0,0,0,0,0,0,0,0,0,1,0.451317,0.105500
1,0,0,0,0,0,0,0,0,0,1,0.450672,0.105600
1,0,0,0,0,0,0,0,0,0,1,0.450994,0.105700
1,0,0,0,0,0,0,0,0,0,1,0.450994,0.105800
1,0,0,0,0,0,0,0,0,0,1,0.451317,0.105900
1,0,0,0,0,0,0,0,0,0,1,0.450994,0.106000
1,0,0,0,0,0,0,0,0,0,1,0.450672,0.106100
1,0,0,0,0,0,0,0,0,0,1,0.451317,0.106200
1,0,0,0,0,0,0,0,0,0,1,0.450672,0.106300
1,0,0,0,0,0,0,0,0,0,1,0.450672,0.106400
1,0,0,0,0,0,0,0,0,0,1,0.450994,0.106500
1,0,0,0,0,0,0,0,0,0,1,0.450672,0.106600
1,0,0,0,0,0,0,0,0,0,1,0.450672,0.106700
1,0,0,0,0,0,0,0,0,0,1,0.450672,0.106800
1,0,0,0,0,0,0,0,0,0,1,0.450994,0.106900
1,0,0,0,0,0,0,0,0,0,1,0.450672,0.107000
1,0,0,0,0,0,0,0,0,0,1,0.451317,0.107100
1,0,0,0,0,0,0,0,0,0,1,0.450672,0.107200
1,0,0,0,0,0,0,0,0,0,1,0.451317,0.107300
1,0,0,0,0,0,0,0,0,0,1,0.450672,0.107400
1,0,0,0,0,0,0,0,0,0,1,0.450672,0.107500
1,0,0,0,0,0,0,0,0,0,1,0.451317,0.107600
1,0,0,0,0,0,0,0,0,0,1,0.450672,0.107700
1,0,0,0,0,0,0,0,0,0,1,0.450672,0.107800
1,0,0,0,0,0,0,0,0,0,1,0.450994,0.107900
1,0,0,0,0,0,0,0,0,0,1,0.450994,0.108000
1,0,0,0,0,0,0,0,0,0,1,0.451317,0.108100
1,0,0,0,0,0,0,0,0,0,1,0.450350,0.108200
1,0,0,0,0,0,0,0,0,0,1,0.450672,0.108300
1,0,0,0,0,0,0,0,0,0,1,0.451317,0.108400
1,0,0,0,0,0,0,0,0,0,1,0.450672,0.108500
1,0,0,0,0,0,0,0,0,0,1,0.450994,0.108600
1,0,0,0,0,0,0,0,0,0,1,0.450994,0.108700
1,0,0,0,0,0,0,0,0,0,1,0.450994,0.108800
1,0,0,0,0,0,0,0,0,0,1,0.450994,0.108900
1,0,0,0,0,0,0,0,0,0,1,0.450350,0.109000
1,0,0,0,0,0,0,0,0,0,1,0.450350,0.109100
1,0,0,0,0,0,0,0,0,0,1,0.450672,0.109200
1,0,0,0,0,0,0,0,0,0,1,0.451317,0.109300
1,0,0,0,0,0,0,0,0,0,1,0.451317,0.109400
1,0,0,0,0,0,0,0,0,0,1,0.450672,0.109500
1,0,0,0,0,0,0,0,0,0,1,0.450672,0.109600
1,0,0,0,0,0,0,0,0,0,1,0.450672,0.109700
1,0,0,0,0,0,0,0,0,0,1,0.450672,0.109800
1,0,0,0,0,0,0,0,0,0,1,0.450672,0.109900
1,1,0,0,0,0,0,0,0,1,1,0.070229,0.110000
1,1,0,0,0,0,0,0,0,1,1,0.069262,0.110100
1,1,0,0,0,0,0,0,0,1,1,0.069584,0.110200
1,1,0,0,0,0,0,0,0,1,1,0.069262,0.110300
1,1,0,0,0,0,0,0,0,1,1,0.069584,0.110400
1,1,0,0,0,0,0,0,0,1,1,0.069584,0.110500
1,1,0,0,0,0,0,0,0,1,1,0.069907,0.110600
1,1,0,0,0,0,0,0,0,1,1,0.069907,0.110700
1,1,0,0,0,0,0,0,0,1,1,0.069907,0.110800
1,1,0,0,0,0,0,0,0,1,1,0.069584,0.110900
1,1,0,0,0,0,0,0,0,1,1,0.069584,0.111000
1,1,0,0,0,0,0,0,0,1,1,0.069584,0.111100
1,1,0,0,0,0,0,0,0,1,1,0.069907,0.111200
1,1,0,0,0,0,0,0,0,1,1,0.069584,0.111300
1,1,0,0,0,0,0,0,0,1,1,0.069907,0.111400
1,1,0,0,0,0,0,0,0,1,1,0.069584,0.111500
1,1,0,0,0,0,0,0,0,1,1,0.069584,0.111600
1,1,0,0,0,0,0,0,0,1,1,0.069584,0.111700
1,1,0,0,0,0,0,0,0,1,1,0.069907,0.111800
1,1,0,0,0,0,0,0,0,1,1,0.069907,0.111900
1,1,0,0,0,0,0,0,0,1,1,0.069584,0.112000
1,1,0,0,0,0,0,0,0,1,1,0.069907,0.112100
1,1,0,0,0,0,0,0,0,1,1,0.070551,0.112200
1,1,0,0,0,0,0,0,0,1,1,0.069584,0.112300
1,1,0,0,0,0,0,0,0,1,1,0.069907,0.112400
1,1,0,0,0,0,0,0,0,1,1,0.069584,0.112500
1,1,0,0,0,0,0,0,0,1,1,0.069262,0.112600
1,1,0,0,0,0,0,0,0,1,1,0.069907,0.112700
1,1,0,0,0,0,0,0,0,1,1,0.070229,0.112800
1,1,0,0,0,0,0,0,0,1,1,0.069584,0.112900
1,1,0,0,0,0,0,0,0,1,1,0.069262,0.113000
1,1,0,0,0,0,0,0,0,1,1,0.069907,0.113100
1,1,0,0,0,0,0,0,0,1,1,0.069907,0.113200
1,1,0,0,0,0,0,0,0,1,1,0.069907,0.113300
1,1,0,0,0,0,0,0,0,1,1,0.069584,0.113400
1,1,0,0,0,0,0,0,0,1,1,0.069907,0.113500
1,1,0,0,0,0,0,0,0,1,1,0.069262,0.113600
1,1,0,0,0,0,0,0,0,1,1,0.069584,0.113700
1,1,0,0,0,0,0,0,0,1,1,0.069262,0.113800
1,1,0,0,0,0,0,0,0,1,1,0.069584,0.113900
1,1,0,0,0,0,0,0,0,1,1,0.069907,0.114000
1,1,0,0,0,0,0,0,0,1,1,0.069262,0.114100
1,1,0,0,0,0,0,0,0,1,1,0.069584,0.114200
1,1,0,0,0,0,0,0,0,1,1,0.069907,0.114300
1,1,0,0,0,0,0,0,0,1,1,0.068940,0.114400
1,1,0,0,0,0,0,0,0,1,1,0.069584,0.114500
1,1,0,0,0,0,0,0,0,1,1,0.069907,0.114600
1,1,0,0,0,0,0,0,0,1,1,0.069584,0.114700
1,1,0,0,0,0,0,0,0,1,1,0.069907,0.114800
1,1,0,0,0,0,0,0,0,1,1,0.069907,0.114900
1,0,0,0,0,0,0,0,0,1,1,0.069262,0.115000
1,0,0,0,0,0,0,0,0,1,1,0.069262,0.115100
1,0,0,0,0,0,0,0,0,1,1,0.069907,0.115200
1,0,0,0,0,0,0,0,0,1,1,0.069584,0.115300
1,0,0,0,0,0,0,0,0,1,1,0.070229,0.115400
1,0,0,0,0,0,0,0,0,1,1,0.069262,0.115500
1,0,0,0,0,0,0,0,0,1,1,0.069584,0.115600
1,0,0,0,0,0,0,0,0,1,1,0.069584,0.115700
1,0,0,0,0,0,0,0,0,1,1,0.069907,0.115800
1,0,0,0,0,0,0,0,0,1,1,0.069907,0.115900
1,0,0,0,0,0,0,0,0,1,1,0.070229,0.116000
1,0,0,0,0,0,0,0,0,1,1,0.070229,0.116100
1,0,0,0,0,0,0,0,0,1,1,0.069262,0.116200
1,0,0,0,0,0,0,0,0,1,1,0.069907,0.116300
1,0,0,0,0,0,0,0,0,1,1,0.070229,0.116400
1,0,0,0,0,0,0,0,0,1,1,0.069262,0.116500
1,0,0,0,0,0,0,0,0,1,1,0.069907,0.116600
1,0,0,0,0,0,0,0,0,1,1,0.069907,0.116700
1,0,0,0,0,0,0,0,0,1,1,0.069262,0.116800
1,0,0,0,0,0,0,0,0,1,1,0.069584,0.116900
1,0,0,0,0,0,0,0,0,1,1,0.069584,0.117000
1,0,0,0,0,0,0,0,0,1,1,0.069907,0.117100
1,0,0,0,0,0,0,0,0,1,1,0.069907,0.117200
1,0,0,0,0,0,0,0,0,1,1,0.070229,0.117300
1,0,0,0,0,0,0,0,0,1,1,0.069584,0.117400
1,0,0,0,0,0,0,0,0,1,1,0.069584,0.117500
1,0,0,0,0,0,0,0,0,1,1,0.069584,0.117600
1,0,0,0,0,0,0,0,0,1,1,0.069584,0.117700
1,0,0,0,0,0,0,0,0,1,1,0.069584,0.117800
1,0,0,0,0,0,0,0,0,1,1,0.070229,0.117900
1,0,0,0,0,0,0,0,0,1,1,0.069584,0.118000
1,0,0,0,0,0,0,0,0,1,1,0.069907,0.118100
1,0,0,0,0,0,0,0,0,1,1,0.069584,0.118200
1,0,0,0,0,0,0,0,0,1,1,0.069262,0.118300
1,0,0,0,0,0,0,0,0,1,1,0.069584,0.118400
1,0,0,0,0,0,0,0,0,1,1,0.069584,0.118500
1,0,0,0,0,0,0,0,0,1,1,0.069907,0.118600
1,0,0,0,0,0,0,0,0,1,1,0.070551,0.118700
1,0,0,0,0,0,0,0,0,1,1,0.069584,0.118800
1,0,0,0,0,0,0,0,0,1,1,0.069584,0.118900
1,0,0,0,0,0,0,0,0,1,1,0.069584,0.119000
1,0,0,0,0,0,0,0,0,1,1,0.070229,0.119100
1,0,0,0,0,0,0,0,0,1,1,0.069907,0.119200
1,0,0,0,0,0,0,0,0,1,1,0.069584,0.119300
1,0,0,0,0,0,0,0,0,1,1,0.070229,0.119400
1,0,0,0,0,0,0,0,0,1,1,0.069584,0.119500
1,0,0,0,0,0,0,0,0,1,1,0.069584,0.119600
1,0,0,0,0,0,0,0,0,1,1,0.069584,0.119700
1,0,0,0,0,0,0,0,0,1,1,0.069584,0.119800
1,0,0,0,0,0,0,0,0,1,1,0.069907,0.119900
1,1,0,0,0,0,0,0,1,1,1,-0.120798,0.120000
1,1,0,0,0,0,0,0,1,1,1,-0.120798,0.120100
1,1,0,0,0,0,0,0,1,1,1,-0.121121,0.120200
1,1,0,0,0,0,0,0,1,1,1,-0.120798,0.120300
1,1,0,0,0,0,0,0,1,1,1,-0.121443,0.120400
1,1,0,0,0,0,0,0,1,1,1,-0.121121,0.120500
1,1,0,0,0,0,0,0,1,1,1,-0.121121,0.120600
1,1,0,0,0,0,0,0,1,1,1,-0.120798,0.120700
1,1,0,0,0,0,0,0,1,1,1,-0.120798,0.120800
1,1,0,0,0,0,0,0,1,1,1,-0.120476,0.120900
1,1,0,0,0,0,0,0,1,1,1,-0.120154,0.121000
1,1,0,0,0,0,0,0,1,1,1,-0.120798,0.121100
1,1,0,0,0,0,0,0,1,1,1,-0.121121,0.121200
1,1,0,0,0,0,0,0,1,1,1,-0.120476,0.121300
1,1,0,0,0,0,0,0,1,1,1,-0.120798,0.121400
1,1,0,0,0,0,0,0,1,1,1,-0.120476,0.121500
1,1,0,0,0,0,0,0,1,1,1,-0.120798,0.121600
1,1,0,0,0,0,0,0,1,1,1,-0.121443,0.121700
1,1,0,0,0,0,0,0,1,1,1,-0.121765,0.121800
1,1,0,0,0,0,0,0,1,1,1,-0.120476,0.121900
1,1,0,0,0,0,0,0,1,1,1,-0.120476,0.122000
1,1,0,0,0,0,0,0,1,1,1,-0.121121,0.122100
1,1,0,0,0,0,0,0,1,1,1,-0.120798,0.122200
1,1,0,0,0,0,0,0,1,1,1,-0.120798,0.122300
1,1,0,0,0,0,0,0,1,1,1,-0.120798,0.122400
1,1,0,0,0,0,0,0,1,1,1,-0.121121,0.122500
1,1,0,0,0,0,0,0,1,1,1,-0.120798,0.122600
1,1,0,0,0,0,0,0,1,1,1,-0.120476,0.122700
1,1,0,0,0,0,0,0,1,1,1,-0.120798,0.122800
1,1,0,0,0,0,0,0,1,1,1,-0.120476,0.122900
1,1,0,0,0,0,0,0,1,1,1,-0.121121,0.123000
1,1,0,0,0,0,0,0,1,1,1,-0.121443,0.123100
1,1,0,0,0,0,0,0,1,1,1,-0.120798,0.123200
1,1,0,0,0,0,0,0,1,1,1,-0.120798,0.123300
1,1,0,0,0,0,0,0,1,1,1,-0.121121,0.123400
1,1,0,0,0,0,0,0,1,1,1,-0.120798,0.123500
1,1,0,0,0,0,0,0,1,1,1,-0.120798,0.123600
1,1,0,0,0,0,0,0,1,1,1,-0.121121,0.123700
1,1,0,0,0,0,0,0,1,1,1,-0.120798,0.123800
1,1,0,0,0,0,0,0,1,1,1,-0.120798,0.123900
1,1,0,0,0,0,0,0,1,1,1,-0.120476,0.124000
1,1,0,0,0,0,0,0,1,1,1,-0.121121,0.124100
1,1,0,0,0,0,0,0,1,1,1,-0.121121,0.124200
1,1,0,0,0,0,0,0,1,1,1,-0.121121,0.124300
1,1,0,0,0,0,0,0,1,1,1,-0.120798,0.124400
1,1,0,0,0,0,0,0,1,1,1,-0.121121,0.124500
1,1,0,0,0,0,0,0,1,1,1,-0.120798,0.124600
1,1,0,0,0,0,0,0,1,1,1,-0.120798,0.124700
1,1,0,0,0,0,0,0,1,1,1,-0.120476,0.124800
1,1,0,0,0,0,0,0,1,1,1,-0.121121,0.124900
1,0,0,0,0,0,0,0,1,1,1,-0.120798,0.125000
1,0,0,0,0,0,0,0,1,1,1,-0.120798,0.125100
1,0,0,0,0,0,0,0,1,1,1,-0.120476,0.125200
1,0,0,0,0,0,0,0,1,1,1,-0.120476,0.125300
1,0,0,0,0,0,0,0,1,1,1,-0.121121,0.125400
1,0,0,0,0,0,0,0,1,1,1,-0.121121,0.125500
1,0,0,0,0,0,0,0,1,1,1,-0.120798,0.125600
1,0,0,0,0,0,0,0,1,1,1,-0.120476,0.125700
1,0,0,0,0,0,0,0,1,1,1,-0.120798,0.125800
1,0,0,0,0,0,0,0,1,1,1,-0.120798,0.125900
1,0,0,0,0,0,0,0,1,1,1,-0.121121,0.126000
1,0,0,0,0,0,0,0,1,1,1,-0.120476,0.126100
1,0,0,0,0,0,0,0,1,1,1,-0.121121,0.126200
1,0,0,0,0,0,0,0,1,1,1,-0.120798,0.126300
1,0,0,0,0,0,0,0,1,1,1,-0.120798,0.126400
1,0,0,0,0,0,0,0,1,1,1,-0.121121,0.126500
1,0,0,0,0,0,0,0,1,1,1,-0.120798,0.126600
1,0,0,0,0,0,0,0,1,1,1,-0.120798,0.126700
1,0,0,0,0,0,0,0,1,1,1,-0.120798,0.126800
1,0,0,0,0,0,0,0,1,1,1,-0.121121,0.126900
1,0,0,0,0,0,0,0,1,1,1,-0.120476,0.127000
1,0,0,0,0,0,0,0,1,1,1,-0.121121,0.127100
1,0,0,0,0,0,0,0,1,1,1,-0.120798,0.127200
1,0,0,0,0,0,0,0,1,1,1,-0.120154,0.127300
1,0,0,0,0,0,0,0,1,1,1,-0.121121,0.127400
1,0,0,0,0,0,0,0,1,1,1,-0.120476,0.127500
1,0,0,0,0,0,0,0,1,1,1,-0.121121,0.127600
1,0,0,0,0,0,0,0,1,1,1,-0.120798,0.127700
1,0,0,0,0,0,0,0,1,1,1,-0.121121,0.127800
1,0,0,0,0,0,0,0,1,1,1,-0.121121,0.127900
1,0,0,0,0,0,0,0,1,1,1,-0.120798,0.128000
1,0,0,0,0,0,0,0,1,1,1,-0.120798,0.128100
1,0,0,0,0,0,0,0,1,1,1,-0.120476,0.128200
1,0,0,0,0,0,0,0,1,1,1,-0.120476,0.128300
1,0,0,0,0,0,0,0,1,1,1,-0.121121,0.128400
1,0,0,0,0,0,0,0,1,1,1,-0.121121,0.128500
1,0,0,0,0,0,0,0,1,1,1,-0.120476,0.128600
1,0,0,0,0,0,0,0,1,1,1,-0.120798,0.128700
1,0,0,0,0,0,0,0,1,1,1,-0.121121,0.128800
1,0,0,0,0,0,0,0,1,1,1,-0.121121,0.128900
1,0,0,0,0,0,0,0,1,1,1,-0.120476,0.129000
1,0,0,0,0,0,0,0,1,1,1,-0.120798,0.129100
1,0,0,0,0,0,0,0,1,1,1,-0.120798,0.129200
1,0,0,0,0,0,0,0,1,1,1,-0.121121,0.129300
1,0,0,0,0,0,0,0,1,1,1,-0.120476,0.129400
1,0,0,0,0,0,0,0,1,1,1,-0.120798,0.129500
1,0,0,0,0,0,0,0,1,1,1,-0.121121,0.129600
1,0,0,0,0,0,0,0,1,1,1,-0.120798,0.129700
1,0,0,0,0,0,0,0,1,1,1,-0.120798,0.129800
1,0,0,0,0,0,0,0,1,1,1,-0.120798,0.129900
1,1,1,0,0,0,0,1,0,1,1,-0.025446,0.130000
1,1,1,0,0,0,0,1,0,1,1,-0.025446,0.130100
1,1,1,0,0,0,0,1,0,1,1,-0.025446,0.130200
1,1,1,0,0,0,0,1,0,1,1,-0.025446,0.130300
1,1,1,0,0,0,0,1,0,1,1,-0.025446,0.130400
1,1,1,0,0,0,0,1,0,1,1,-0.025446,0.130500
1,1,1,0,0,0,0,1,0,1,1,-0.025446,0.130600
1,1,1,0,0,0,0,1,0,1,1,-0.025446,0.130700
1,1,1,0,0,0,0,1,0,1,1,-0.025768,0.130800
1,1,1,0,0,0,0,1,0,1,1,-0.025768,0.130900
1,1,1,0,0,0,0,1,0,1,1,-0.025768,0.131000
1,1,1,0,0,0,0,1,0,1,1,-0.025446,0.131100
1,1,1,0,0,0,0,1,0,1,1,-0.024802,0.131200
1,1,1,0,0,0,0,1,0,1,1,-0.025446,0.131300
1,1,1,0,0,0,0,1,0,1,1,-0.026090,0.131400
1,1,1,0,0,0,0,1,0,1,1,-0.025768,0.131500
1,1,1,0,0,0,0,1,0,1,1,-0.025768,0.131600
1,1,1,0,0,0,0,1,0,1,1,-0.025446,0.131700
1,1,1,0,0,0,0,1,0,1,1,-0.025124,0.131800
1,1,1,0,0,0,0,1,0,1,1,-0.025446,0.131900
1,1,1,0,0,0,0,1,0,1,1,-0.025446,0.132000
1,1,1,0,0,0,0,1,0,1,1,-0.025124,0.132100
1,1,1,0,0,0,0,1,0,1,1,-0.025446,0.132200
1,1,1,0,0,0,0,1,0,1,1,-0.025768,0.132300
1,1,1,0,0,0,0,1,0,1,1,-0.025446,0.132400
1,1,1,0,0,0,0,1,0,1,1,-0.025768,0.132500
1,1,1,0,0,0,0,1,0,1,1,-0.026090,0.132600
1,1,1,0,0,0,0,1,0,1,1,-0.025768,0.132700
1,1,1,0,0,0,0,1,0,1,1,-0.026090,0.132800
1,1,1,0,0,0,0,1,0,1,1,-0.025768,0.132900
1,1,1,0,0,0,0,1,0,1,1,-0.025446,0.133000
1,1,1,0,0,0,0,1,0,1,1,-0.025446,0.133100
1,1,1,0,0,0,0,1,0,1,1,-0.025446,0.133200
1,1,1,0,0,0,0,1,0,1,1,-0.025124,0.133300
1,1,1,0,0,0,0,1,0,1,1,-0.025446,0.133400
1,1,1,0,0,0,0,1,0,1,1,-0.025446,0.133500
1,1,1,0,0,0,0,1,0,1,1,-0.025446,0.133600
1,1,1,0,0,0,0,1,0,1,1,-0.025768,0.133700
1,1,1,0,0,0,0,1,0,1,1,-0.025446,0.133800
1,1,1,0,0,0,0,1,0,1,1,-0.025768,0.133900
1,1,1,0,0,0,0,1,0,1,1,-0.025124,0.134000
1,1,1,0,0,0,0,1,0,1,1,-0.025446,0.134100
1,1,1,0,0,0,0,1,0,1,1,-0.025768,0.134200
1,1,1,0,0,0,0,1,0,1,1,-0.025124,0.134300
1,1,1,0,0,0,0,1,0,1,1,-0.025768,0.134400
1,1,1,0,0,0,0,1,0,1,1,-0.025124,0.134500
1,1,1,0,0,0,0,1,0,1,1,-0.025768,0.134600
1,1,1,0,0,0,0,1,0,1,1,-0.025446,0.134700
1,1,1,0,0,0,0,1,0,1,1,-0.025768,0.134800
1,1,1,0,0,0,0,1,0,1,1,-0.025446,0.134900
1,0,1,0,0,0,0,1,0,1,1,-0.025446,0.135000
1,0,1,0,0,0,0,1,0,1,1,-0.025124,0.135100
1,0,1,0,0,0,0,1,0,1,1,-0.025768,0.135200
1,0,1,0,0,0,0,1,0,1,1,-0.025768,0.135300
1,0,1,0,0,0,0,1,0,1,1,-0.025446,0.135400
1,0,1,0,0,0,0,1,0,1,1,-0.025768,0.135500
1,0,1,0,0,0,0,1,0,1,1,-0.025446,0.135600
1,0,1,0,0,0,0,1,0,1,1,-0.025124,0.135700
1,0,1,0,0,0,0,1,0,1,1,-0.025768,0.135800
1,0,1,0,0,0,0,1,0,1,1,-0.025124,0.135900
1,0,1,0,0,0,0,1,0,1,1,-0.025446,0.136000
1,0,1,0,0,0,0,1,0,1,1,-0.025446,0.136100
1,0,1,0,0,0,0,1,0,1,1,-0.025768,0.136200
1,0,1,0,0,0,0,1,0,1,1,-0.025446,0.136300
1,0,1,0,0,0,0,1,0,1,1,-0.025446,0.136400
1,0,1,0,0,0,0,1,0,1,1,-0.025124,0.136500
1,0,1,0,0,0,0,1,0,1,1,-0.025446,0.136600
1,0,1,0,0,0,0,1,0,1,1,-0.025124,0.136700
1,0,1,0,0,0,0,1,0,1,1,-0.025768,0.136800
1,0,1,0,0,0,0,1,0,1,1,-0.025768,0.136900
1,0,1,0,0,0,0,1,0,1,1,-0.025446,0.137000
1,0,1,0,0,0,0,1,0,1,1,-0.025446,0.137100
1,0,1,0,0,0,0,1,0,1,1,-0.025768,0.137200
1,0,1,0,0,0,0,1,0,1,1,-0.025446,0.137300
1,0,1,0,0,0,0,1,0,1,1,-0.025446,0.137400
1,0,1,0,0,0,0,1,0,1,1,-0.025768,0.137500
1,0,1,0,0,0,0,1,0,1,1,-0.026412,0.137600
1,0,1,0,0,0,0,1,0,1,1,-0.025124,0.137700
1,0,1,0,0,0,0,1,0,1,1,-0.025124,0.137800
1,0,1,0,0,0,0,1,0,1,1,-0.025446,0.137900
1,0,1,0,0,0,0,1,0,1,1,-0.025768,0.138000
1,0,1,0,0,0,0,1,0,1,1,-0.025768,0.138100
1,0,1,0,0,0,0,1,0,1,1,-0.025768,0.138200
1,0,1,0,0,0,0,1,0,1,1,-0.025446,0.138300
1,0,1,0,0,0,0,1,0,1,1,-0.025446,0.138400
1,0,1,0,0,0,0,1,0,1,1,-0.025768,0.138500
1,0,1,0,0,0,0,1,0,1,1,-0.026090,0.138600
1,0,1,0,0,0,0,1,0,1,1,-0.025768,0.138700
1,0,1,0,0,0,0,1,0,1,1,-0.025768,0.138800
1,0,1,0,0,0,0,1,0,1,1,-0.025124,0.138900
1,0,1,0,0,0,0,1,0,1,1,-0.025446,0.139000
1,0,1,0,0,0,0,1,0,1,1,-0.025446,0.139100
1,0,1,0,0,0,0,1,0,1,1,-0.025768,0.139200
1,0,1,0,0,0,0,1,0,1,1,-0.025768,0.139300
1,0,1,0,0,0,0,1,0,1,1,-0.025768,0.139400
1,0,1,0,0,0,0,1,0,1,1,-0.025768,0.139500
1,0,1,0,0,0,0,1,0,1,1,-0.025768,0.139600
1,0,1,0,0,0,0,1,0,1,1,-0.025124,0.139700
1,0,1,0,0,0,0,1,0,1,1,-0.025446,0.139800
1,0,1,0,0,0,0,1,0,1,1,-0.025768,0.139900
1,1,1,0,0,0,1,0,0,1,1,0.022230,0.140000
1,1,1,0,0,0,1,0,0,1,1,0.022552,0.140100
1,1,1,0,0,0,1,0,0,1,1,0.022552,0.140200
1,1,1,0,0,0,1,0,0,1,1,0.022552,0.140300
1,1,1,0,0,0,1,0,0,1,1,0.022230,0.140400
1,1,1,0,0,0,1,0,0,1,1,0.021908,0.140500
1,1,1,0,0,0,1,0,0,1,1,0.022552,0.140600
1,1,1,0,0,0,1,0,0,1,1,0.021908,0.140700
1,1,1,0,0,0,1,0,0,1,1,0.022552,0.140800
1,1,1,0,0,0,1,0,0,1,1,0.022230,0.140900
1,1,1,0,0,0,1,0,0,1,1,0.021908,0.141000
1,1,1,0,0,0,1,0,0,1,1,0.021908,0.141100
1,1,1,0,0,0,1,0,0,1,1,0.022230,0.141200
1,1,1,0,0,0,1,0,0,1,1,0.022875,0.141300
1,1,1,0,0,0,1,0,0,1,1,0.022230,0.141400
1,1,1,0,0,0,1,0,0,1,1,0.022230,0.141500
1,1,1,0,0,0,1,0,0,1,1,0.022230,0.141600
1,1,1,0,0,0,1,0,0,1,1,0.021908,0.141700
1,1,1,0,0,0,1,0,0,1,1,0.021908,0.141800
1,1,1,0,0,0,1,0,0,1,1,0.021908,0.141900
1,1,1,0,0,0,1,0,0,1,1,0.022230,0.142000
1,1,1,0,0,0,1,0,0,1,1,0.022230,0.142100
1,1,1,0,0,0,1,0,0,1,1,0.022230,0.142200
1,1,1,0,0,0,1,0,0,1,1,0.021586,0.142300
1,1,1,0,0,0,1,0,0,1,1,0.021908,0.142400
1,1,1,0,0,0,1,0,0,1,1,0.022230,0.142500
1,1,1,0,0,0,1,0,0,1,1,0.022552,0.142600
1,1,1,0,0,0,1,0,0,1,1,0.021908,0.142700
1,1,1,0,0,0,1,0,0,1,1,0.022230,0.142800
1,1,1,0,0,0,1,0,0,1,1,0.022230,0.142900
1,1,1,0,0,0,1,0,0,1,1,0.022230,0.143000
1,1,1,0,0,0,1,0,0,1,1,0.022230,0.143100
1,1,1,0,0,0,1,0,0,1,1,0.021586,0.143200
1,1,1,0,0,0,1,0,0,1,1,0.022552,0.143300
1,1,1,0,0,0,1,0,0,1,1,0.022230,0.143400
1,1,1,0,0,0,1,0,0,1,1,0.022552,0.143500
1,1,1,0,0,0,1,0,0,1,1,0.022230,0.143600
1,1,1,0,0,0,1,0,0,1,1,0.022230,0.143700
1,1,1,0,0,0,1,0,0,1,1,0.022230,0.143800
1,1,1,0,0,0,1,0,0,1,1,0.022552,0.143900
1,1,1,0,0,0,1,0,0,1,1,0.022230,0.144000
1,1,1,0,0,0,1,0,0,1,1,0.021908,0.144100
1,1,1,0,0,0,1,0,0,1,1,0.022230,0.144200
1,1,1,0,0,0,1,0,0,1,1,0.022230,0.144300
1,1,1,0,0,0,1,0,0,1,1,0.021908,0.144400
1,1,1,0,0,0,1,0,0,1,1,0.022230,0.144500
1,1,1,0,0,0,1,0,0,1,1,0.022552,0.144600
1,1,1,0,0,0,1,0,0,1,1,0.022230,0.144700
1,1,1,0,0,0,1,0,0,1,1,0.022552,0.144800
1,1,1,0,0,0,1,0,0,1,1,0.022552,0.144900
1,0,1,0,0,0,1,0,0,1,1,0.022230,0.145000
1,0,1,0,0,0,1,0,0,1,1,0.022230,0.145100
1,0,1,0,0,0,1,0,0,1,1,0.022230,0.145200
1,0,1,0,0,0,1,0,0,1,1,0.021908,0.145300
1,0,1,0,0,0,1,0,0,1,1,0.022552,0.145400
1,0,1,0,0,0,1,0,0,1,1,0.022230,0.145500
1,0,1,0,0,0,1,0,0,1,1,0.022552,0.145600
1,0,1,0,0,0,1,0,0,1,1,0.022230,0.145700
1,0,1,0,0,0,1,0,0,1,1,0.022230,0.145800
1,0,1,0,0,0,1,0,0,1,1,0.022230,0.145900
1,0,1,0,0,0,1,0,0,1,1,0.022552,0.146000
1,0,1,0,0,0,1,0,0,1,1,0.022230,0.146100
1,0,1,0,0,0,1,0,0,1,1,0.022230,0.146200
1,0,1,0,0,0,1,0,0,1,1,0.022230,0.146300
1,0,1,0,0,0,1,0,0,1,1,0.021908,0.146400
1,0,1,0,0,0,1,0,0,1,1,0.022230,0.146500
1,0,1,0,0,0,1,0,0,1,1,0.022230,0.146600
1,0,1,0,0,0,1,0,0,1,1,0.022230,0.146700
1,0,1,0,0,0,1,0,0,1,1,0.022875,0.146800
1,0,1,0,0,0,1,0,0,1,1,0.021908,0.146900
1,0,1,0,0,0,1,0,0,1,1,0.022552,0.147000
1,0,1,0,0,0,1,0,0,1,1,0.022230,0.147100
1,0,1,0,0,0,1,0,0,1,1,0.022230,0.147200
1,0,1,0,0,0,1,0,0,1,1,0.022230,0.147300
1,0,1,0,0,0,1,0,0,1,1,0.022875,0.147400
1,0,1,0,0,0,1,0,0,1,1,0.022230,0.147500
1,0,1,0,0,0,1,0,0,1,1,0.022552,0.147600
1,0,1,0,0,0,1,0,0,1,1,0.022230,0.147700
1,0,1,0,0,0,1,0,0,1,1,0.021908,0.147800
1,0,1,0,0,0,1,0,0,1,1,0.022230,0.147900
1,0,1,0,0,0,1,0,0,1,1,0.021908,0.148000
1,0,1,0,0,0,1,0,0,1,1,0.022552,0.148100
1,0,1,0,0,0,1,0,0,1,1,0.022230,0.148200
1,0,1,0,0,0,1,0,0,1,1,0.022230,0.148300
1,0,1,0,0,0,1,0,0,1,1,0.021908,0.148400
1,0,1,0,0,0,1,0,0,1,1,0.021586,0.148500
1,0,1,0,0,0,1,0,0,1,1,0.021908,0.148600
1,0,1,0,0,0,1,0,0,1,1,0.022230,0.148700
1,0,1,0,0,0,1,0,0,1,1,0.022552,0.148800
1,0,1,0,0,0,1,0,0,1,1,0.022230,0.148900
1,0,1,0,0,0,1,0,0,1,1,0.021908,0.149000
1,0,1,0,0,0,1,0,0,1,1,0.022552,0.149100
1,0,1,0,0,0,1,0,0,1,1,0.021908,0.149200
1,0,1,0,0,0,1,0,0,1,1,0.021908,0.149300
1,0,1,0,0,0,1,0,0,1,1,0.022230,0.149400
1,0,1,0,0,0,1,0,0,1,1,0.022230,0.149500
1,0,1,0,0,0,1,0,0,1,1,0.022230,0.149600
1,0,1,0,0,0,1,0,0,1,1,0.022230,0.149700
1,0,1,0,0,0,1,0,0,1,1,0.021908,0.149800
1,0,1,0,0,0,1,0,0,1,1,0.022230,0.149900
1,1,0,0,0,1,1,0,0,1,1,-0.001608,0.150000
1,1,0,0,0,1,1,0,0,1,1,-0.001286,0.150100
1,1,0,0,0,1,1,0,0,1,1,-0.001286,0.150200
1,1,0,0,0,1,1,0,0,1,1,-0.001286,0.150300
1,1,0,0,0,1,1,0,0,1,1,-0.001286,0.150400
1,1,0,0,0,1,1,0,0,1,1,-0.001286,0.150500
1,1,0,0,0,1,1,0,0,1,1,-0.001286,0.150600
1,1,0,0,0,1,1,0,0,1,1,-0.001608,0.150700
1,1,0,0,0,1,1,0,0,1,1,-0.001608,0.150800
1,1,0,0,0,1,1,0,0,1,1,-0.001286,0.150900
1,1,0,0,0,1,1,0,0,1,1,-0.001930,0.151000
1,1,0,0,0,1,1,0,0,1,1,-0.001608,0.151100
1,1,0,0,0,1,1,0,0,1,1,-0.001930,0.151200
1,1,0,0,0,1,1,0,0,1,1,-0.001286,0.151300
1,1,0,0,0,1,1,0,0,1,1,-0.001286,0.151400
1,1,0,0,0,1,1,0,0,1,1,-0.001930,0.151500
1,1,0,0,0,1,1,0,0,1,1,-0.001930,0.151600
1,1,0,0,0,1,1,0,0,1,1,-0.001608,0.151700
1,1,0,0,0,1,1,0,0,1,1,-0.001608,0.151800
1,1,0,0,0,1,1,0,0,1,1,-0.001608,0.151900
1,1,0,0,0,1,1,0,0,1,1,-0.001930,0.152000
1,1,0,0,0,1,1,0,0,1,1,-0.001286,0.152100
1,1,0,0,0,1,1,0,0,1,1,-0.001286,0.152200
1,1,0,0,0,1,1,0,0,1,1,-0.001608,0.152300
1,1,0,0,0,1,1,0,0,1,1,-0.001608,0.152400
1,1,0,0,0,1,1,0,0,1,1,-0.001608,0.152500
1,1,0,0,0,1,1,0,0,1,1,-0.002252,0.152600
1,1,0,0,0,1,1,0,0,1,1,-0.001608,0.152700
1,1,0,0,0,1,1,0,0,1,1,-0.002252,0.152800
1,1,0,0,0,1,1,0,0,1,1,-0.001930,0.152900
1,1,0,0,0,1,1,0,0,1,1,-0.001930,0.153000
1,1,0,0,0,1,1,0,0,1,1,-0.001608,0.153100
1,1,0,0,0,1,1,0,0,1,1,-0.001286,0.153200
1,1,0,0,0,1,1,0,0,1,1,-0.001608,0.153300
1,1,0,0,0,1,1,0,0,1,1,-0.000964,0.153400
1,1,0,0,0,1,1,0,0,1,1,-0.001286,0.153500
1,1,0,0,0,1,1,0,0,1,1,-0.001286,0.153600
1,1,0,0,0,1,1,0,0,1,1,-0.001608,0.153700
1,1,0,0,0,1,1,0,0,1,1,-0.001608,0.153800
1,1,0,0,0,1,1,0,0,1,1,-0.001286,0.153900
1,1,0,0,0,1,1,0,0,1,1,-0.001930,0.154000
1,1,0,0,0,1,1,0,0,1,1,-0.001286,0.154100
1,1,0,0,0,1,1,0,0,1,1,-0.001930,0.154200
1,1,0,0,0,1,1,0,0,1,1,-0.001608,0.154300
1,1,0,0,0,1,1,0,0,1,1,-0.001286,0.154400
1,1,0,0,0,1,1,0,0,1,1,-0.002252,0.154500
1,1,0,0,0,1,1,0,0,1,1,-0.001286,0.154600
1,1,0,0,0,1,1,0,0,1,1,-0.001608,0.154700
1,1,0,0,0,1,1,0,0,1,1,-0.001608,0.154800
1,1,0,0,0,1,1,0,0,1,1,-0.001286,0.154900
1,0,0,0,0,1,1,0,0,1,1,-0.001608,0.155000
1,0,0,0,0,1,1,0,0,1,1,-0.001608,0.155100
1,0,0,0,0,1,1,0,0,1,1,-0.001608,0.155200
1,0,0,0,0,1,1,0,0,1,1,-0.001930,0.155300
1,0,0,0,0,1,1,0,0,1,1,-0.001286,0.155400
1,0,0,0,0,1,1,0,0,1,1,-0.001608,0.155500
1,0,0,0,0,1,1,0,0,1,1,-0.001286,0.155600
1,0,0,0,0,1,1,0,0,1,1,-0.001608,0.155700
1,0,0,0,0,1,1,0,0,1,1,-0.001930,0.155800
1,0,0,0,0,1,1,0,0,1,1,-0.001608,0.155900
1,0,0,0,0,1,1,0,0,1,1,-0.001286,0.156000
1,0,0,0,0,1,1,0,0,1,1,-0.000964,0.156100
1,0,0,0,0,1,1,0,0,1,1,-0.001930,0.156200
1,0,0,0,0,1,1,0,0,1,1,-0.001608,0.156300
1,0,0,0,0,1,1,0,0,1,1,-0.001930,0.156400
1,0,0,0,0,1,1,0,0,1,1,-0.001608,0.156500
1,0,0,0,0,1,1,0,0,1,1,-0.001286,0.156600
1,0,0,0,0,1,1,0,0,1,1,-0.001286,0.156700
1,0,0,0,0,1,1,0,0,1,1,-0.001930,0.156800
1,0,0,0,0,1,1,0,0,1,1,-0.001286,0.156900
1,0,0,0,0,1,1,0,0,1,1,-0.001930,0.157000
1,0,0,0,0,1,1,0,0,1,1,-0.001930,0.157100
1,0,0,0,0,1,1,0,0,1,1,-0.001608,0.157200
1,0,0,0,0,1,1,0,0,1,1,-0.001608,0.157300
1,0,0,0,0,1,1,0,0,1,1,-0.000964,0.157400
1,0,0,0,0,1,1,0,0,1,1,-0.001608,0.157500
1,0,0,0,0,1,1,0,0,1,1,-0.001930,0.157600
1,0,0,0,0,1,1,0,0,1,1,-0.001608,0.157700
1,0,0,0,0,1,1,0,0,1,1,-0.001608,0.157800
1,0,0,0,0,1,1,0,0,1,1,-0.001286,0.157900
1,0,0,0,0,1,1,0,0,1,1,-0.001286,0.158000
1,0,0,0,0,1,1,0,0,1,1,-0.001608,0.158100
1,0,0,0,0,1,1,0,0,1,1,-0.001930,0.158200
1,0,0,0,0,1,1,0,0,1,1,-0.000964,0.158300
1,0,0,0,0,1,1,0,0,1,1,-0.001608,0.158400
1,0,0,0,0,1,1,0,0,1,1,-0.001286,0.158500
1,0,0,0,0,1,1,0,0,1,1,-0.001608,0.158600
1,0,0,0,0,1,1,0,0,1,1,-0.001930,0.158700
1,0,0,0,0,1,1,0,0,1,1,-0.001930,0.158800
1,0,0,0,0,1,1,0,0,1,1,-0.001608,0.158900
1,0,0,0,0,1,1,0,0,1,1,-0.001286,0.159000
1,0,0,0,0,1,1,0,0,1,1,-0.001608,0.159100
1,0,0,0,0,1,1,0,0,1,1,-0.000964,0.159200
1,0,0,0,0,1,1,0,0,1,1,-0.001930,0.159300
1,0,0,0,0,1,1,0,0,1,1,-0.001286,0.159400
1,0,0,0,0,1,1,0,0,1,1,-0.001608,0.159500
1,0,0,0,0,1,1,0,0,1,1,-0.001608,0.159600
1,0,0,0,0,1,1,0,0,1,1,-0.001286,0.159700
1,0,0,0,0,1,1,0,0,1,1,-0.001930,0.159800
1,0,0,0,0,1,1,0,0,1,1,-0.001286,0.159900
1,1,0,0,1,1,1,0,0,1,1,-0.013205,0.160000
1,1,0,0,1,1,1,0,0,1,1,-0.013205,0.160100
1,1,0,0,1,1,1,0,0,1,1,-0.013849,0.160200
1,1,0,0,1,1,1,0,0,1,1,-0.013849,0.160300
1,1,0,0,1,1,1,0,0,1,1,-0.013205,0.160400
1,1,0,0,1,1,1,0,0,1,1,-0.013205,0.160500
1,1,0,0,1,1,1,0,0,1,1,-0.013205,0.160600
1,1,0,0,1,1,1,0,0,1,1,-0.013527,0.160700
1,1,0,0,1,1,1,0,0,1,1,-0.013527,0.160800
1,1,0,0,1,1,1,0,0,1,1,-0.013527,0.160900
1,1,0,0,1,1,1,0,0,1,1,-0.012560,0.161000
1,1,0,0,1,1,1,0,0,1,1,-0.013849,0.161100
1,1,0,0,1,1,1,0,0,1,1,-0.013205,0.161200
1,1,0,0,1,1,1,0,0,1,1,-0.013849,0.161300
1,1,0,0,1,1,1,0,0,1,1,-0.013527,0.161400
1,1,0,0,1,1,1,0,0,1,1,-0.013205,0.161500
1,1,0,0,1,1,1,0,0,1,1,-0.013205,0.161600
1,1,0,0,1,1,1,0,0,1,1,-0.013205,0.161700
1,1,0,0,1,1,1,0,0,1,1,-0.013205,0.161800
1,1,0,0,1,1,1,0,0,1,1,-0.012883,0.161900
1,1,0,0,1,1,1,0,0,1,1,-0.013527,0.162000
1,1,0,0,1,1,1,0,0,1,1,-0.012883,0.162100
1,1,0,0,1,1,1,0,0,1,1,-0.012883,0.162200
1,1,0,0,1,1,1,0,0,1,1,-0.013527,0.162300
1,1,0,0,1,1,1,0,0,1,1,-0.013205,0.162400
1,1,0,0,1,1,1,0,0,1,1,-0.013205,0.162500
1,1,0,0,1,1,1,0,0,1,1,-0.013205,0.162600
1,1,0,0,1,1,1,0,0,1,1,-0.013205,0.162700
1,1,0,0,1,1,1,0,0,1,1,-0.012883,0.162800
1,1,0,0,1,1,1,0,0,1,1,-0.012883,0.162900
1,1,0,0,1,1,1,0,0,1,1,-0.013205,0.163000
1,1,0,0,1,1,1,0,0,1,1,-0.013205,0.163100
1,1,0,0,1,1,1,0,0,1,1,-0.013205,0.163200
1,1,0,0,1,1,1,0,0,1,1,-0.012883,0.163300
1,1,0,0,1,1,1,0,0,1,1,-0.013205,0.163400
1,1,0,0,1,1,1,0,0,1,1,-0.013849,0.163500
1,1,0,0,1,1,1,0,0,1,1,-0.012883,0.163600
1,1,0,0,1,1,1,0,0,1,1,-0.013527,0.163700
1,1,0,0,1,1,1,0,0,1,1,-0.013527,0.163800
1,1,0,0,1,1,1,0,0,1,1,-0.013527,0.163900
1,1,0,0,1,1,1,0,0,1,1,-0.013849,0.164000
1,1,0,0,1,1,1,0,0,1,1,-0.013527,0.164100
1,1,0,0,1,1,1,0,0,1,1,-0.013527,0.164200
1,1,0,0,1,1,1,0,0,1,1,-0.012883,0.164300
1,1,0,0,1,1,1,0,0,1,1,-0.013849,0.164400
1,1,0,0,1,1,1,0,0,1,1,-0.013205,0.164500
1,1,0,0,1,1,1,0,0,1,1,-0.012883,0.164600
1,1,0,0,1,1,1,0,0,1,1,-0.013205,0.164700
1,1,0,0,1,1,1,0,0,1,1,-0.013527,0.164800
1,0,0,0,1,1,1,0,0,1,1,-0.013205,0.164900
1,0,0,0,1,1,1,0,0,1,1,-0.013205,0.165000
1,0,0,0,1,1,1,0,0,1,1,-0.013527,0.165100
1,0,0,0,1,1,1,0,0,1,1,-0.013849,0.165200
1,0,0,0,1,1,1,0,0,1,1,-0.012883,0.165300
1,0,0,0,1,1,1,0,0,1,1,-0.013205,0.165400
1,0,0,0,1,1,1,0,0,1,1,-0.013527,0.165500
1,0,0,0,1,1,1,0,0,1,1,-0.012560,0.165600
1,0,0,0,1,1,1,0,0,1,1,-0.013527,0.165700
1,0,0,0,1,1,1,0,0,1,1,-0.012883,0.165800
1,0,0,0,1,1,1,0,0,1,1,-0.013205,0.165900
1,0,0,0,1,1,1,0,0,1,1,-0.013205,0.166000
1,0,0,0,1,1,1,0,0,1,1,-0.013205,0.166100
1,0,0,0,1,1,1,0,0,1,1,-0.013849,0.166200
1,0,0,0,1,1,1,0,0,1,1,-0.013527,0.166300
1,0,0,0,1,1,1,0,0,1,1,-0.013527,0.166400
1,0,0,0,1,1,1,0,0,1,1,-0.012883,0.166500
1,0,0,0,1,1,1,0,0,1,1,-0.013205,0.166600
1,0,0,0,1,1,1,0,0,1,1,-0.012883,0.166700
1,0,0,0,1,1,1,0,0,1,1,-0.013527,0.166800
1,0,0,0,1,1,1,0,0,1,1,-0.013849,0.166900
1,0,0,0,1,1,1,0,0,1,1,-0.013527,0.167000
1,0,0,0,1,1,1,0,0,1,1,-0.013205,0.167100
1,0,0,0,1,1,1,0,0,1,1,-0.013527,0.167200
1,0,0,0,1,1,1,0,0,1,1,-0.013205,0.167300
1,0,0,0,1,1,1,0,0,1,1,-0.012883,0.167400
1,0,0,0,1,1,1,0,0,1,1,-0.013849,0.167500
1,0,0,0,1,1,1,0,0,1,1,-0.012883,0.167600
1,0,0,0,1,1,1,0,0,1,1,-0.012883,0.167700
1,0,0,0,1,1,1,0,0,1,1,-0.013527,0.167800
1,0,0,0,1,1,1,0,0,1,1,-0.012883,0.167900
1,0,0,0,1,1,1,0,0,1,1,-0.013205,0.168000
1,0,0,0,1,1,1,0,0,1,1,-0.013527,0.168100
1,0,0,0,1,1,1,0,0,1,1,-0.013205,0.168200
1,0,0,0,1,1,1,0,0,1,1,-0.013205,0.168300
1,0,0,0,1,1,1,0,0,1,1,-0.012883,0.168400
1,0,0,0,1,1,1,0,0,1,1,-0.013205,0.168500
1,0,0,0,1,1,1,0,0,1,1,-0.013527,0.168600
1,0,0,0,1,1,1,0,0,1,1,-0.013205,0.168700
1,0,0,0,1,1,1,0,0,1,1,-0.012883,0.168800
1,0,0,0,1,1,1,0,0,1,1,-0.013527,0.168900
1,0,0,0,1,1,1,0,0,1,1,-0.013527,0.169000
1,0,0,0,1,1,1,0,0,1,1,-0.013205,0.169100
1,0,0,0,1,1,1,0,0,1,1,-0.013849,0.169200
1,0,0,0,1,1,1,0,0,1,1,-0.013205,0.169300
1,0,0,0,1,1,1,0,0,1,1,-0.013527,0.169400
1,0,0,0,1,1,1,0,0,1,1,-0.013205,0.169500
1,0,0,0,1,1,1,0,0,1,1,-0.013205,0.169600
1,0,0,0,1,1,1,0,0,1,1,-0.013205,0.169700
1,0,0,0,1,1,1,0,0,1,1,-0.012883,0.169800
1,0,0,0,1,1,1,0,0,1,1,-0.013205,0.169900
1,1,1,1,0,1,1,0,0,1,1,-0.007406,0.170000
1,1,1,1,0,1,1,0,0,1,1,-0.007406,0.170100
1,1,1,1,0,1,1,0,0,1,1,-0.007084,0.170200
1,1,1,1,0,1,1,0,0,1,1,-0.007084,0.170300
1,1,1,1,0,1,1,0,0,1,1,-0.007406,0.170400
1,1,1,1,0,1,1,0,0,1,1,-0.007084,0.170500
1,1,1,1,0,1,1,0,0,1,1,-0.007084,0.170600
1,1,1,1,0,1,1,0,0,1,1,-0.007728,0.170700
1,1,1,1,0,1,1,0,0,1,1,-0.007406,0.170800
1,1,1,1,0,1,1,0,0,1,1,-0.007084,0.170900
1,1,1,1,0,1,1,0,0,1,1,-0.007084,0.171000
1,1,1,1,0,1,1,0,0,1,1,-0.007728,0.171100
1,1,1,1,0,1,1,0,0,1,1,-0.007406,0.171200
1,1,1,1,0,1,1,0,0,1,1,-0.007406,0.171300
1,1,1,1,0,1,1,0,0,1,1,-0.007406,0.171400
1,1,1,1,0,1,1,0,0,1,1,-0.006762,0.171500
1,1,1,1,0,1,1,0,0,1,1,-0.007728,0.171600
1,1,1,1,0,1,1,0,0,1,1,-0.007084,0.171700
1,1,1,1,0,1,1,0,0,1,1,-0.007084,0.171800
1,1,1,1,0,1,1,0,0,1,1,-0.007728,0.171900
1,1,1,1,0,1,1,0,0,1,1,-0.007406,0.172000
1,1,1,1,0,1,1,0,0,1,1,-0.007406,0.172100
1,1,1,1,0,1,1,0,0,1,1,-0.007728,0.172200
1,1,1,1,0,1,1,0,0,1,1,-0.008373,0.172300
1,1,1,1,0,1,1,0,0,1,1,-0.008051,0.172400
1,1,1,1,0,1,1,0,0,1,1,-0.007406,0.172500
1,1,1,1,0,1,1,0,0,1,1,-0.007406,0.172600
1,1,1,1,0,1,1,0,0,1,1,-0.006762,0.172700
1,1,1,1,0,1,1,0,0,1,1,-0.007728,0.172800
1,1,1,1,0,1,1,0,0,1,1,-0.008051,0.172900
1,1,1,1,0,1,1,0,0,1,1,-0.008051,0.173000
1,1,1,1,0,1,1,0,0,1,1,-0.007406,0.173100
1,1,1,1,0,1,1,0,0,1,1,-0.007406,0.173200
1,1,1,1,0,1,1,0,0,1,1,-0.007084,0.173300
1,1,1,1,0,1,1,0,0,1,1,-0.007728,0.173400
1,1,1,1,0,1,1,0,0,1,1,-0.007406,0.173500
1,1,1,1,0,1,1,0,0,1,1,-0.007728,0.173600
1,1,1,1,0,1,1,0,0,1,1,-0.007728,0.173700
1,1,1,1,0,1,1,0,0,1,1,-0.007728,0.173800
1,1,1,1,0,1,1,0,0,1,1,-0.007728,0.173900
1,1,1,1,0,1,1,0,0,1,1,-0.007406,0.174000
1,1,1,1,0,1,1,0,0,1,1,-0.007406,0.174100
1,1,1,1,0,1,1,0,0,1,1,-0.007728,0.174200
1,1,1,1,0,1,1,0,0,1,1,-0.007084,0.174300
1,1,1,1,0,1,1,0,0,1,1,-0.007406,0.174400
1,1,1,1,0,1,1,0,0,1,1,-0.007084,0.174500
1,1,1,1,0,1,1,0,0,1,1,-0.007406,0.174600
1,1,1,1,0,1,1,0,0,1,1,-0.007406,0.174700
1,1,1,1,0,1,1,0,0,1,1,-0.007406,0.174800
1,0,1,1,0,1,1,0,0,1,1,-0.007406,0.174900
1,0,1,1,0,1,1,0,0,1,1,-0.007406,0.175000
1,0,1,1,0,1,1,0,0,1,1,-0.007084,0.175100
1,0,1,1,0,1,1,0,0,1,1,-0.007728,0.175200
1,0,1,1,0,1,1,0,0,1,1,-0.007406,0.175300
1,0,1,1,0,1,1,0,0,1,1,-0.006762,0.175400
1,0,1,1,0,1,1,0,0,1,1,-0.007406,0.175500
1,0,1,1,0,1,1,0,0,1,1,-0.007728,0.175600
1,0,1,1,0,1,1,0,0,1,1,-0.008051,0.175700
1,0,1,1,0,1,1,0,0,1,1,-0.007406,0.175800
1,0,1,1,0,1,1,0,0,1,1,-0.007084,0.175900
1,0,1,1,0,1,1,0,0,1,1,-0.007084,0.176000
1,0,1,1,0,1,1,0,0,1,1,-0.007406,0.176100
1,0,1,1,0,1,1,0,0,1,1,-0.007084,0.176200
1,0,1,1,0,1,1,0,0,1,1,-0.007084,0.176300
1,0,1,1,0,1,1,0,0,1,1,-0.007084,0.176400
1,0,1,1,0,1,1,0,0,1,1,-0.007728,0.176500
1,0,1,1,0,1,1,0,0,1,1,-0.007728,0.176600
1,0,1,1,0,1,1,0,0,1,1,-0.007406,0.176700
1,0,1,1,0,1,1,0,0,1,1,-0.007406,0.176800
1,0,1,1,0,1,1,0,0,1,1,-0.007084,0.176900
1,0,1,1,0,1,1,0,0,1,1,-0.007084,0.177000
1,0,1,1,0,1,1,0,0,1,1,-0.007728,0.177100
1,0,1,1,0,1,1,0,0,1,1,-0.007406,0.177200
1,0,1,1,0,1,1,0,0,1,1,-0.007728,0.177300
1,0,1,1,0,1,1,0,0,1,1,-0.007084,0.177400
1,0,1,1,0,1,1,0,0,1,1,-0.007084,0.177500
1,0,1,1,0,1,1,0,0,1,1,-0.007084,0.177600
1,0,1,1,0,1,1,0,0,1,1,-0.008373,0.177700
1,0,1,1,0,1,1,0,0,1,1,-0.007728,0.177800
1,0,1,1,0,1,1,0,0,1,1,-0.007406,0.177900
1,0,1,1,0,1,1,0,0,1,1,-0.007406,0.178000
1,0,1,1,0,1,1,0,0,1,1,-0.007084,0.178100
1,0,1,1,0,1,1,0,0,1,1,-0.007728,0.178200
1,0,1,1,0,1,1,0,0,1,1,-0.007406,0.178300
1,0,1,1,0,1,1,0,0,1,1,-0.007406,0.178400
1,0,1,1,0,1,1,0,0,1,1,-0.007728,0.178500
1,0,1,1,0,1,1,0,0,1,1,-0.007728,0.178600
1,0,1,1,0,1,1,0,0,1,1,-0.007084,0.178700
1,0,1,1,0,1,1,0,0,1,1,-0.007728,0.178800
1,0,1,1,0,1,1,0,0,1,1,-0.007406,0.178900
1,0,1,1,0,1,1,0,0,1,1,-0.007406,0.179000
1,0,1,1,0,1,1,0,0,1,1,-0.007728,0.179100
1,0,1,1,0,1,1,0,0,1,1,-0.007728,0.179200
1,0,1,1,0,1,1,0,0,1,1,-0.007406,0.179300
1,0,1,1,0,1,1,0,0,1,1,-0.007406,0.179400
1,0,1,1,0,1,1,0,0,1,1,-0.007728,0.179500
1,0,1,1,0,1,1,0,0,1,1,-0.007728,0.179600
1,0,1,1,0,1,1,0,0,1,1,-0.007406,0.179700
1,0,1,1,0,1,1,0,0,1,1,-0.007084,0.179800
1,0,1,1,0,1,1,0,0,1,1,-0.007406,0.179900
0,1,1,0,0,1,1,0,0,1,1,-0.001286,0.180000
0,1,1,0,0,1,1,0,0,1,1,-0.001930,0.180100
0,1,1,0,0,1,1,0,0,1,1,-0.001608,0.180200
0,1,1,0,0,1,1,0,0,1,1,-0.001286,0.180300
0,1,1,0,0,1,1,0,0,1,1,-0.001286,0.180400
0,1,1,0,0,1,1,0,0,1,1,-0.000964,0.180500
0,1,1,0,0,1,1,0,0,1,1,-0.001286,0.180600
0,1,1,0,0,1,1,0,0,1,1,-0.001608,0.180700
0,1,1,0,0,1,1,0,0,1,1,-0.001608,0.180800
0,1,1,0,0,1,1,0,0,1,1,-0.001930,0.180900
0,1,1,0,0,1,1,0,0,1,1,-0.001930,0.181000
0,1,1,0,0,1,1,0,0,1,1,-0.001286,0.181100
0,1,1,0,0,1,1,0,0,1,1,-0.001286,0.181200
0,1,1,0,0,1,1,0,0,1,1,-0.001286,0.181300
0,1,1,0,0,1,1,0,0,1,1,-0.001286,0.181400
0,1,1,0,0,1,1,0,0,1,1,-0.001608,0.181500
0,1,1,0,0,1,1,0,0,1,1,-0.001930,0.181600
0,1,1,0,0,1,1,0,0,1,1,-0.001608,0.181700
0,1,1,0,0,1,1,0,0,1,1,-0.001608,0.181800
0,1,1,0,0,1,1,0,0,1,1,-0.001930,0.181900
0,1,1,0,0,1,1,0,0,1,1,-0.001286,0.182000
0,1,1,0,0,1,1,0,0,1,1,-0.001608,0.182100
0,1,1,0,0,1,1,0,0,1,1,-0.001286,0.182200
0,1,1,0,0,1,1,0,0,1,1,-0.001930,0.182300
0,1,1,0,0,1,1,0,0,1,1,-0.001286,0.182400
0,1,1,0,0,1,1,0,0,1,1,-0.000964,0.182500
0,1,1,0,0,1,1,0,0,1,1,-0.001608,0.182600
0,1,1,0,0,1,1,0,0,1,1,-0.001608,0.182700
0,1,1,0,0,1,1,0,0,1,1,-0.001930,0.182800
0,1,1,0,0,1,1,0,0,1,1,-0.001608,0.182900
0,1,1,0,0,1,1,0,0,1,1,-0.001286,0.183000
0,1,1,0,0,1,1,0,0,1,1,-0.001930,0.183100
0,1,1,0,0,1,1,0,0,1,1,-0.001930,0.183200
0,1,1,0,0,1,1,0,0,1,1,-0.001930,0.183300
0,1,1,0,0,1,1,0,0,1,1,-0.001286,0.183400
0,1,1,0,0,1,1,0,0,1,1,-0.001286,0.183500
0,1,1,0,0,1,1,0,0,1,1,-0.001286,0.183600
0,1,1,0,0,1,1,0,0,1,1,-0.001286,0.183700
0,1,1,0,0,1,1,0,0,1,1,-0.001608,0.183800
0,1,1,0,0,1,1,0,0,1,1,-0.001608,0.183900
0,1,1,0,0,1,1,0,0,1,1,-0.001930,0.184000
0,1,1,0,0,1,1,0,0,1,1,-0.001608,0.184100
0,1,1,0,0,1,1,0,0,1,1,-0.000964,0.184200
0,1,1,0,0,1,1,0,0,1,1,-0.001608,0.184300
0,1,1,0,0,1,1,0,0,1,1,-0.001608,0.184400
0,1,1,0,0,1,1,0,0,1,1,-0.001608,0.184500
0,1,1,0,0,1,1,0,0,1,1,-0.001608,0.184600
0,1,1,0,0,1,1,0,0,1,1,-0.001608,0.184700
0,1,1,0,0,1,1,0,0,1,1,-0.001930,0.184800
0,0,1,0,0,1,1,0,0,1,1,-0.002252,0.184900
0,0,1,0,0,1,1,0,0,1,1,-0.001286,0.185000
0,0,1,0,0,1,1,0,0,1,1,-0.001286,0.185100
0,0,1,0,0,1,1,0,0,1,1,-0.001286,0.185200
0,0,1,0,0,1,1,0,0,1,1,-0.001608,0.185300
0,0,1,0,0,1,1,0,0,1,1,-0.001608,0.185400
0,0,1,0,0,1,1,0,0,1,1,-0.001608,0.185500
0,0,1,0,0,1,1,0,0,1,1,-0.001608,0.185600
0,0,1,0,0,1,1,0,0,1,1,-0.001608,0.185700
0,0,1,0,0,1,1,0,0,1,1,-0.001608,0.185800
0,0,1,0,0,1,1,0,0,1,1,-0.001286,0.185900
0,0,1,0,0,1,1,0,0,1,1,-0.001286,0.186000
0,0,1,0,0,1,1,0,0,1,1,-0.000964,0.186100
0,0,1,0,0,1,1,0,0,1,1,-0.001930,0.186200
0,0,1,0,0,1,1,0,0,1,1,-0.000964,0.186300
0,0,1,0,0,1,1,0,0,1,1,-0.001930,0.186400
0,0,1,0,0,1,1,0,0,1,1,-0.001930,0.186500
0,0,1,0,0,1,1,0,0,1,1,-0.001608,0.186600
0,0,1,0,0,1,1,0,0,1,1,-0.001930,0.186700
0,0,1,0,0,1,1,0,0,1,1,-0.001608,0.186800
0,0,1,0,0,1,1,0,0,1,1,-0.001930,0.186900
0,0,1,0,0,1,1,0,0,1,1,-0.001930,0.187000
0,0,1,0,0,1,1,0,0,1,1,-0.001286,0.187100
0,0,1,0,0,1,1,0,0,1,1,-0.000964,0.187200
0,0,1,0,0,1,1,0,0,1,1,-0.001286,0.187300
0,0,1,0,0,1,1,0,0,1,1,-0.001286,0.187400
0,0,1,0,0,1,1,0,0,1,1,-0.001608,0.187500
0,0,1,0,0,1,1,0,0,1,1,-0.001608,0.187600
0,0,1,0,0,1,1,0,0,1,1,-0.001286,0.187700
0,0,1,0,0,1,1,0,0,1,1,-0.000964,0.187800
0,0,1,0,0,1,1,0,0,1,1,-0.001286,0.187900
0,0,1,0,0,1,1,0,0,1,1,-0.001286,0.188000
0,0,1,0,0,1,1,0,0,1,1,-0.001608,0.188100
0,0,1,0,0,1,1,0,0,1,1,-0.002252,0.188200
0,0,1,0,0,1,1,0,0,1,1,-0.001286,0.188300
0,0,1,0,0,1,1,0,0,1,1,-0.001286,0.188400
0,0,1,0,0,1,1,0,0,1,1,-0.001286,0.188500
0,0,1,0,0,1,1,0,0,1,1,-0.001286,0.188600
0,0,1,0,0,1,1,0,0,1,1,-0.001608,0.188700
0,0,1,0,0,1,1,0,0,1,1,-0.001930,0.188800
0,0,1,0,0,1,1,0,0,1,1,-0.001608,0.188900
0,0,1,0,0,1,1,0,0,1,1,-0.001930,0.189000
0,0,1,0,0,1,1,0,0,1,1,-0.001286,0.189100
0,0,1,0,0,1,1,0,0,1,1,-0.001930,0.189200
0,0,1,0,0,1,1,0,0,1,1,-0.001286,0.189300
0,0,1,0,0,1,1,0,0,1,1,-0.002252,0.189400
0,0,1,0,0,1,1,0,0,1,1,-0.000964,0.189500
0,0,1,0,0,1,1,0,0,1,1,-0.001608,0.189600
0,0,1,0,0,1,1,0,0,1,1,-0.001608,0.189700
0,0,1,0,0,1,1,0,0,1,1,-0.001608,0.189800
0,0,1,0,0,1,1,0,0,1,1,-0.001608,0.189900
1,1,0,0,0,0,0,0,0,0,1,0.450994,0.190000
1,1,0,0,0,0,0,0,0,0,1,0.450672,0.190100
1,1,0,0,0,0,0,0,0,0,1,0.450994,0.190200
1,1,0,0,0,0,0,0,0,0,1,0.451317,0.190300
1,1,0,0,0,0,0,0,0,0,1,0.450994,0.190400
1,1,0,0,0,0,0,0,0,0,1,0.451639,0.190500
1,1,0,0,0,0,0,0,0,0,1,0.450350,0.190600
1,1,0,0,0,0,0,0,0,0,1,0.450994,0.190700
1,1,0,0,0,0,0,0,0,0,1,0.450672,0.190800
1,1,0,0,0,0,0,0,0,0,1,0.450672,0.190900
1,1,0,0,0,0,0,0,0,0,1,0.450994,0.191000
1,1,0,0,0,0,0,0,0,0,1,0.450994,0.191100
1,1,0,0,0,0,0,0,0,0,1,0.450672,0.191200
1,1,0,0,0,0,0,0,0,0,1,0.450994,0.191300
1,1,0,0,0,0,0,0,0,0,1,0.451317,0.191400
1,1,0,0,0,0,0,0,0,0,1,0.451317,0.191500
1,1,0,0,0,0,0,0,0,0,1,0.451317,0.191600
1,1,0,0,0,0,0,0,0,0,1,0.450672,0.191700
1,1,0,0,0,0,0,0,0,0,1,0.450350,0.191800
1,1,0,0,0,0,0,0,0,0,1,0.450350,0.191900
1,1,0,0,0,0,0,0,0,0,1,0.450672,0.192000
1,1,0,0,0,0,0,0,0,0,1,0.450672,0.192100
1,1,0,0,0,0,0,0,0,0,1,0.451317,0.192200
1,1,0,0,0,0,0,0,0,0,1,0.450672,0.192300
1,1,0,0,0,0,0,0,0,0,1,0.450994,0.192400
1,1,0,0,0,0,0,0,0,0,1,0.450672,0.192500
1,1,0,0,0,0,0,0,0,0,1,0.450994,0.192600
1,1,0,0,0,0,0,0,0,0,1,0.450672,0.192700
1,1,0,0,0,0,0,0,0,0,1,0.451639,0.192800
1,1,0,0,0,0,0,0,0,0,1,0.450994,0.192900
1,1,0,0,0,0,0,0,0,0,1,0.450350,0.193000
1,1,0,0,0,0,0,0,0,0,1,0.450994,0.193100
1,1,0,0,0,0,0,0,0,0,1,0.450994,0.193200
1,1,0,0,0,0,0,0,0,0,1,0.450350,0.193300
1,1,0,0,0,0,0,0,0,0,1,0.451317,0.193400
1,1,0,0,0,0,0,0,0,0,1,0.450672,0.193500
1,1,0,0,0,0,0,0,0,0,1,0.450672,0.193600
1,1,0,0,0,0,0,0,0,0,1,0.450350,0.193700
1,1,0,0,0,0,0,0,0,0,1,0.450994,0.193800
1,1,0,0,0,0,0,0,0,0,1,0.450350,0.193900
1,1,0,0,0,0,0,0,0,0,1,0.450994,0.194000
1,1,0,0,0,0,0,0,0,0,1,0.450994,0.194100
1,1,0,0,0,0,0,0,0,0,1,0.450994,0.194200
1,1,0,0,0,0,0,0,0,0,1,0.450994,0.194300
1,1,0,0,0,0,0,0,0,0,1,0.451317,0.194400
1,1,0,0,0,0,0,0,0,0,1,0.450672,0.194500
1,1,0,0,0,0,0,0,0,0,1,0.450994,0.194600
1,1,0,0,0,0,0,0,0,0,1,0.450672,0.194700
1,1,0,0,0,0,0,0,0,0,1,0.450994,0.194800
1,0,0,0,0,0,0,0,0,0,1,0.450672,0.194900
1,0,0,0,0,0,0,0,0,0,1,0.450350,0.195000
1,0,0,0,0,0,0,0,0,0,1,0.450672,0.195100
1,0,0,0,0,0,0,0,0,0,1,0.450994,0.195200
1,0,0,0,0,0,0,0,0,0,1,0.450994,0.195300
1,0,0,0,0,0,0,0,0,0,1,0.450994,0.195400
1,0,0,0,0,0,0,0,0,0,1,0.450350,0.195500
1,0,0,0,0,0,0,0,0,0,1,0.450350,0.195600
1,0,0,0,0,0,0,0,0,0,1,0.450672,0.195700
1,0,0,0,0,0,0,0,0,0,1,0.450994,0.195800
1,0,0,0,0,0,0,0,0,0,1,0.450672,0.195900
1,0,0,0,0,0,0,0,0,0,1,0.451317,0.196000
1,0,0,0,0,0,0,0,0,0,1,0.451317,0.196100
1,0,0,0,0,0,0,0,0,0,1,0.450672,0.196200
1,0,0,0,0,0,0,0,0,0,1,0.450994,0.196300
1,0,0,0,0,0,0,0,0,0,1,0.451317,0.196400
1,0,0,0,0,0,0,0,0,0,1,0.450672,0.196500
1,0,0,0,0,0,0,0,0,0,1,0.450672,0.196600
1,0,0,0,0,0,0,0,0,0,1,0.450994,0.196700
1,0,0,0,0,0,0,0,0,0,1,0.451317,0.196800
1,0,0,0,0,0,0,0,0,0,1,0.451317,0.196900
1,0,0,0,0,0,0,0,0,0,1,0.450672,0.197000
1,0,0,0,0,0,0,0,0,0,1,0.450994,0.197100
1,0,0,0,0,0,0,0,0,0,1,0.450672,0.197200
1,0,0,0,0,0,0,0,0,0,1,0.450350,0.197300
1,0,0,0,0,0,0,0,0,0,1,0.450994,0.197400
1,0,0,0,0,0,0,0,0,0,1,0.451317,0.197500
1,0,0,0,0,0,0,0,0,0,1,0.450994,0.197600
1,0,0,0,0,0,0,0,0,0,1,0.451317,0.197700
1,0,0,0,0,0,0,0,0,0,1,0.450994,0.197800
1,0,0,0,0,0,0,0,0,0,1,0.450028,0.197900
1,0,0,0,0,0,0,0,0,0,1,0.450994,0.198000
1,0,0,0,0,0,0,0,0,0,1,0.450994,0.198100
1,0,0,0,0,0,0,0,0,0,1,0.450994,0.198200
1,0,0,0,0,0,0,0,0,0,1,0.451639,0.198300
1,0,0,0,0,0,0,0,0,0,1,0.450672,0.198400
1,0,0,0,0,0,0,0,0,0,1,0.450994,0.198500
1,0,0,0,0,0,0,0,0,0,1,0.450672,0.198600
1,0,0,0,0,0,0,0,0,0,1,0.450672,0.198700
1,0,0,0,0,0,0,0,0,0,1,0.450994,0.198800
1,0,0,0,0,0,0,0,0,0,1,0.450994,0.198900
1,0,0,0,0,0,0,0,0,0,1,0.450994,0.199000
1,0,0,0,0,0,0,0,0,0,1,0.450672,0.199100
1,0,0,0,0,0,0,0,0,0,1,0.450672,0.199200
1,0,0,0,0,0,0,0,0,0,1,0.450350,0.199300
1,0,0,0,0,0,0,0,0,0,1,0.451317,0.199400
1,0,0,0,0,0,0,0,0,0,1,0.450994,0.199500
1,0,0,0,0,0,0,0,0,0,1,0.450994,0.199600
1,0,0,0,0,0,0,0,0,0,1,0.450672,0.199700
1,0,0,0,0,0,0,0,0,0,1,0.451317,0.199800
1,0,0,0,0,0,0,0,0,0,1,0.450672,0.199900
